-- phpMyAdmin SQL Dump
-- version 5.2.1
-- https://www.phpmyadmin.net/
--
-- Host: 127.0.0.1
-- Tempo de geração: 16/12/2024 às 19:21
-- Versão do servidor: 10.4.32-MariaDB
-- Versão do PHP: 8.2.12

SET SQL_MODE = "NO_AUTO_VALUE_ON_ZERO";
START TRANSACTION;
SET time_zone = "+00:00";


/*!40101 SET @OLD_CHARACTER_SET_CLIENT=@@CHARACTER_SET_CLIENT */;
/*!40101 SET @OLD_CHARACTER_SET_RESULTS=@@CHARACTER_SET_RESULTS */;
/*!40101 SET @OLD_COLLATION_CONNECTION=@@COLLATION_CONNECTION */;
/*!40101 SET NAMES utf8mb4 */;

--
-- Banco de dados: `beta_db`
--

-- --------------------------------------------------------

--
-- Estrutura para tabela `achievements`
--

CREATE TABLE `achievements` (
  `achievement_id` int(11) NOT NULL,
  `achievement_name` varchar(255) NOT NULL,
  `description` text DEFAULT NULL,
  `xp_reward` int(11) DEFAULT 0,
  `badge_image` varchar(255) DEFAULT NULL
) ENGINE=InnoDB DEFAULT CHARSET=utf8mb4 COLLATE=utf8mb4_general_ci;

--
-- Despejando dados para a tabela `achievements`
--

INSERT INTO `achievements` (`achievement_id`, `achievement_name`, `description`, `xp_reward`, `badge_image`) VALUES
(1, 'Primeiro Quiz Concluído', 'Complete seu primeiro quiz na plataforma!', 100, 'https://cdn-icons-png.flaticon.com/256/3276/3276051.png'),
(2, '1000 XP Atingidos', 'Acumule 1000 XP em qualquer matéria.', 200, 'https://cdn-icons-png.flaticon.com/256/3276/3276051.png'),
(3, 'Especialista em Grandezas', 'Ganhe 500 XP em Grandezas Proporcionais.', 150, 'https://cdn-icons-png.flaticon.com/256/3276/3276051.png'),
(4, 'Mestre em Grandezas', 'Ganhe 1000 XP em Grandezas Proporcionais.', 300, 'https://cdn-icons-png.flaticon.com/256/3276/3276051.png'),
(5, 'Especialista em Estatística', 'Ganhe 500 XP em Estatística.', 150, 'https://cdn-icons-png.flaticon.com/256/3276/3276051.png'),
(6, 'Mestre em Estatística', 'Ganhe 1000 XP em Estatística.', 300, 'https://cdn-icons-png.flaticon.com/256/3276/3276051.png'),
(7, 'Especialista em Aritmética', 'Ganhe 500 XP em Aritmética.', 150, 'https://cdn-icons-png.flaticon.com/256/3276/3276051.png'),
(8, 'Mestre em Aritmética', 'Ganhe 1000 XP em Aritmética.', 300, 'https://cdn-icons-png.flaticon.com/256/3276/3276051.png'),
(9, 'Especialista em Geometria Espacial', 'Ganhe 500 XP em Geometria Espacial.', 150, 'https://cdn-icons-png.flaticon.com/256/3276/3276051.png'),
(10, 'Mestre em Geometria Espacial', 'Ganhe 1000 XP em Geometria Espacial.', 300, 'https://cdn-icons-png.flaticon.com/256/3276/3276051.png'),
(11, 'Especialista em Geometria Plana', 'Ganhe 500 XP em Geometria Plana.', 150, 'https://cdn-icons-png.flaticon.com/256/3276/3276051.png'),
(12, 'Mestre em Geometria Plana', 'Ganhe 1000 XP em Geometria Plana.', 300, 'https://cdn-icons-png.flaticon.com/256/3276/3276051.png'),
(13, 'Especialista em Funções', 'Ganhe 500 XP em Funções.', 150, 'https://cdn-icons-png.flaticon.com/256/3276/3276051.png'),
(14, 'Mestre em Funções', 'Ganhe 1000 XP em Funções.', 300, 'https://cdn-icons-png.flaticon.com/256/3276/3276051.png'),
(15, 'Especialista em Probabilidade', 'Ganhe 500 XP em Probabilidade.', 150, 'https://cdn-icons-png.flaticon.com/256/3276/3276051.png'),
(16, 'Mestre em Probabilidade', 'Ganhe 1000 XP em Probabilidade.', 300, 'https://cdn-icons-png.flaticon.com/256/3276/3276051.png'),
(17, 'Especialista em Gráficos e Tabelas', 'Ganhe 500 XP em Gráficos e Tabelas.', 150, 'https://cdn-icons-png.flaticon.com/256/3276/3276051.png'),
(18, 'Mestre em Gráficos e Tabelas', 'Ganhe 1000 XP em Gráficos e Tabelas.', 300, 'https://cdn-icons-png.flaticon.com/256/3276/3276051.png');

-- --------------------------------------------------------

--
-- Estrutura para tabela `questions`
--

CREATE TABLE `questions` (
  `question_id` int(11) NOT NULL,
  `subject` varchar(50) NOT NULL,
  `question_text` text NOT NULL,
  `option_a` varchar(255) NOT NULL,
  `option_b` varchar(255) NOT NULL,
  `option_c` varchar(255) NOT NULL,
  `option_d` varchar(255) NOT NULL,
  `option_e` varchar(255) NOT NULL,
  `correct_option` char(1) NOT NULL,
  `difficulty` enum('easy','medium','hard') NOT NULL,
  `xp_value` int(11) NOT NULL,
  `image_url` varchar(255) DEFAULT NULL,
  `followup_question` text DEFAULT NULL
) ENGINE=InnoDB DEFAULT CHARSET=utf8mb4 COLLATE=utf8mb4_general_ci;

--
-- Despejando dados para a tabela `questions`
--

INSERT INTO `questions` (`question_id`, `subject`, `question_text`, `option_a`, `option_b`, `option_c`, `option_d`, `option_e`, `correct_option`, `difficulty`, `xp_value`, `image_url`, `followup_question`) VALUES
(5, 'Grandezas', 'Uma receita pede 300g de farinha para fazer 6 biscoitos. Quantos gramas de farinha serão necessários para fazer 18 biscoitos?', '300g', '600g', '700g', '900g', '1000g', 'D', 'easy', 100, NULL, NULL),
(6, 'Grandezas', 'Um carro percorre 240 km em 3 horas. Qual é a velocidade média do carro?', '60 km/h', '70 km/h', '80 km/h', '90 km/h', '100 km/h', 'C', 'easy', 100, NULL, NULL),
(7, 'Grandezas', 'Se 5 máquinas produzem 150 peças em 4 horas, quantas peças 8 máquinas produzirão no mesmo período?', '200', '240', '300', '360', '400', 'D', 'medium', 150, NULL, NULL),
(8, 'Grandezas', 'Uma torneira enche um tanque de 1000 litros em 4 horas. Quantos litros por hora essa torneira libera?', '200 L/h', '250 L/h', '300 L/h', '350 L/h', '400 L/h', 'B', 'medium', 150, NULL, NULL),
(9, 'Grandezas', 'Um pedreiro constrói 10 metros de muro em 2 dias. Quantos metros de muro ele construirá em 5 dias, mantendo o mesmo ritmo?', '15', '20', '25', '30', '35', 'D', 'medium', 150, NULL, NULL),
(10, 'Grandezas', 'Em uma receita, para cada 4 ovos, usa-se 1 xícara de açúcar. Quantas xícaras de açúcar serão necessárias para 16 ovos?', '2', '3', '4', '5', '6', 'C', 'medium', 150, NULL, NULL),
(11, 'Grandezas', 'Um caminhão transporta 2 toneladas de areia em 30 minutos. Quanto tempo levará para transportar 6 toneladas, mantendo a mesma velocidade?', '30 min', '45 min', '1h', '1h 15min', '1h 30min', 'E', 'hard', 200, NULL, NULL),
(12, 'Grandezas', 'Em uma gráfica, 4 impressoras imprimem 800 páginas em 2 horas. Quantas páginas 6 impressoras imprimem no mesmo período?', '600', '800', '1000', '1200', '1400', 'D', 'hard', 200, NULL, NULL),
(13, 'Grandezas', 'Um ciclista percorre 50 km em 2 horas e 30 minutos. Qual é a sua velocidade média em km/h?', '15 km/h', '18 km/h', '20 km/h', '22 km/h', '25 km/h', 'C', 'hard', 200, NULL, NULL),
(14, 'Grandezas', 'Uma fábrica produz 500 peças em 8 horas. Se 3 fábricas iguais trabalham juntas, quantas peças produzirão em 8 horas?', '1000', '1250', '1500', '2000', '2500', 'C', 'hard', 200, NULL, NULL),
(15, 'Estatística', 'Nos cinco jogos finais da última temporada, com uma média de 18 pontos por jogo, um jogador foi eleito o melhor do campeonato de basquete. Na atual temporada, cinco jogadores têm a chance de igualar ou melhorar essa média. No quadro estão registradas as pontuações desses cinco jogadores nos quatro primeiros jogos das finais deste ano. O quinto e último jogo será realizado para decidir a equipe campeã e qual o melhor jogador da temporada. O jogador que precisa fazer a menor quantidade de pontos no quinto jogo, para igualar a média de pontos do melhor jogador da temporada passada, é o', 'I', 'II', 'III', 'IV', 'V', 'A', 'easy', 150, 'https://foconoenem.com/wp-content/uploads/2023/05/image.png', 'Qual é a média das pontuações no jogo para os jogadores que precisam igualar a média?'),
(16, 'Estatística', 'O gráfico apresenta os totais de receitas e despesas de uma empresa, expressos em milhão de reais, no decorrer dos meses de um determinado ano. A empresa obtém lucro quando a diferença entre receita e despesa é positiva e tem prejuízo quando essa diferença é negativa. Qual é a mediana, em milhão de reais, dos valores dos lucros apurados pela empresa nesse ano?', '1,5', '2,0', '2,9', '3,0', '5,5', 'D', 'medium', 150, 'https://foconoenem.com/wp-content/uploads/2023/05/image-1-300x236.png', 'Qual é a mediana dos lucros?'),
(17, 'Estatística', 'Uma pessoa realizou uma pesquisa com alguns alunos de uma escola, coletando suas idades, e organizou esses dados no gráfico. Qual é a média das idades, em ano, desses alunos?', '9', '12', '18', '19', '27', 'D', 'easy', 100, 'https://foconoenem.com/wp-content/uploads/2023/05/image-2-300x275.png', 'Qual é a média das idades?'),
(18, 'Estatística', 'O quadro apresenta o número de terremotos de magnitude maior ou igual a 7, na escala Richter, ocorridos em nosso planeta nos anos de 2000 a 2011. Segundo um pesquisador, qual é o número anual típico de terremotos de magnitude maior ou igual a 7?', '11', '15', '15,5', '15,7', '17,5', 'C', 'medium', 150, 'https://foconoenem.com/wp-content/uploads/2023/05/image-3.png', 'Qual é o número médio de terremotos por ano?'),
(19, 'Estatística', 'Com o objetivo de contratar uma empresa responsável pelo serviço de atendimento ao público, os executivos de uma agência bancária realizaram uma pesquisa de satisfação envolvendo cinco empresas especializadas nesse segmento. Após a análise dos resultados da pesquisa de satisfação, os executivos da agência bancária contrataram a empresa com a maior média ponderada das notas obtidas nos procedimentos analisados. A agência bancária contratou a empresa', 'X', 'Y', 'Z', 'W', 'T', 'C', 'hard', 200, 'https://foconoenem.com/wp-content/uploads/2023/05/image-4.png', 'Qual a empresa contratada pela agência bancária?'),
(20, 'Estatística', 'O gráfico a seguir mostra a evolução mensal das vendas de certo produto de julho a novembro de 2011. O gerente de vendas disse, em uma reunião da diretoria, que, se essa redução no número de unidades vendidas de novembro para dezembro de 2011 se mantivesse constante nos meses subsequentes, as vendas só voltariam a ficar piores que julho de 2011 apenas no final de 2012. O diretor financeiro rebateu imediatamente esse argumento mostrando que, mantida a tendência, isso aconteceria já em', 'Janeiro', 'Fevereiro', 'Março', 'Abril', 'Maio', 'D', 'hard', 200, 'https://foconoenem.com/wp-content/uploads/2023/05/image-5-300x237.png', 'Quando as vendas atingiriam o nível mais baixo?'),
(21, 'Estatística', 'De acordo com um relatório recente de Agência Internacional de Energia (AIE), o mercado de veículos elétricos atingiu um novo marco em 2016, quando foram vendidos mais de 750 mil automóveis de categoria. A média anual do número de carros vendidos pela marca A, nos anos representados no gráfico, foi de', '192', '240', '252', '320', '420', 'D', 'medium', 150, 'https://foconoenem.com/wp-content/uploads/2023/05/image-6.png', 'Qual a média anual de vendas de carros da marca A?'),
(22, 'Estatística', 'O gráfico apresenta a taxa de desemprego (em %) para o período de março de 2008 a abril de 2009, obtida com base nos dados observados nas regiões metropolitanas de Recife, Salvador, Belo Horizonte, Rio de Janeiro, São Paulo e Porto Alegre. A mediana dessa taxa de desemprego, no período de março de 2008 a abril de 2009, foi de', '8,1%', '8,0%', '7,9%', '7,7%', '7,7%', 'B', 'easy', 100, 'https://foconoenem.com/wp-content/uploads/2023/05/image-8.png', 'Qual é a mediana da taxa de desemprego?'),
(23, 'Estatística', 'Em uma seletiva para o final dos 100 metros livres de natação, numa olimpíada, os atletas, em suas respectivas raias, obtiveram os seguintes tempos. A mediana dos tempos apresentados no quadro é', '20,70', '20,77', '20,80', '20,85', '20,90', 'D', 'hard', 200, 'https://foconoenem.com/wp-content/uploads/2023/05/image-9.png', 'Qual é a mediana dos tempos?'),
(24, 'grandezas', 'Qual é a unidade de medida utilizada para medir comprimento?', 'Metro', 'Kilômetro', 'Grama', 'Litro', 'Segundos', 'A', 'easy', 100, NULL, NULL),
(25, 'grandezas', 'Se você tem 1000 mililitros de água, quantos litros você tem?', '1 litro', '10 litros', '100 litros', '0,1 litro', '1000 litros', 'A', 'easy', 100, NULL, NULL),
(26, 'grandezas', 'Quanto é 1 quilômetro em metros?', '100 metros', '1000 metros', '10000 metros', '100000 metros', '1 metro', 'B', 'easy', 100, NULL, NULL),
(27, 'grandezas', 'Se você possui um tanque de 500 litros de água e consome 50 litros por dia, quanto tempo o tanque durará?', '5 dias', '10 dias', '15 dias', '20 dias', '25 dias', 'B', 'medium', 150, NULL, NULL),
(28, 'grandezas', 'Quanto é 1 metro quadrado em centímetros quadrados?', '100 cm²', '1000 cm²', '10000 cm²', '100000 cm²', '1000000 cm²', 'C', 'medium', 150, NULL, NULL),
(29, 'grandezas', 'Se a temperatura de um forno está 300°C, qual é a temperatura em Kelvin?', '573 K', '373 K', '273 K', '100 K', '500 K', 'A', 'medium', 150, NULL, NULL),
(30, 'grandezas', 'Qual é a densidade de uma substância que tem uma massa de 500 kg e um volume de 2 metros cúbicos?', '250 kg/m³', '500 kg/m³', '750 kg/m³', '1000 kg/m³', '1500 kg/m³', 'A', 'hard', 200, NULL, NULL),
(243, 'Funcoes', 'Enquanto um ser está vivo, a quantidade de carbono 14 nele existente não se altera. Quando ela morre, essa quantidade vai diminuindo. Sabe-se que a meia-vida do carbono 14 é de 5 730 anos, ou seja, num fóssil de um organismo que morrei há 5 730 anos haverá metade do carbono 14 que existia quando ele estava vivo. Assim, cientistas e arqueólogos usam a seguinte fórmula para saber a idade de um fóssil encontrado: Q(t)=Q0.2−t5730 em que t é o tempo, medido em ano, Q(t) é a quantidade de carbono 14 medida no instante e t Q0 é a quantidade de carbono 14 no ser vivo correspondente. Um grupo de arqueólogos, numa de suas expedições, encontrou 5 fósseis de espécies conhecidas e mediram a quantidade de carbono 14 neles existentes. Na tabela temos esses valores juntamente com a quantidade de carbono 14 nas referidas espécies vivas. Qual o fóssil mais antigo encontrado na expedição?', '1', '2', '3', '4', '5', 'B', 'hard', 200, 'https://foconoenem.com/wp-content/uploads/2022/10/image-16.png', NULL),
(244, 'Funcoes', 'Deseja-se postar cartas não comerciais, sendo duas de 100 g, três de 200 g e uma de 350 g. O gráfico mostra o custo para enviar uma carta não comercial pelos Correios. O valor total gasto, em reais, para postar essas cartas é de:', '8,35', '12,50', '14,40', '14,40', '18,05', 'D', 'medium', 150, 'https://foconoenem.com/wp-content/uploads/2022/10/image-14.png', NULL),
(245, 'Funcoes', 'A receita R de uma empresa ao final de um mês é o dinheiro captado com a venda de mercadorias ou com a prestação de serviços nesse mês, e a despesa D é todo o dinheiro utilizado para pagamento de salários, contas de água e luz, impostos, entre outros. O lucro mensal obtido ao final do mês é a diferença entre a receita e a despesa registradas no mês. O gráfico apresenta as receitas e despesas, em milhão de reais, de uma empresa ao final dos cinco primeiros meses de um dado ano. A previsão para os próximos meses é que o lucro mensal não seja inferior ao maior lucro obtido até o mês de maio. Nessas condições, o lucro mensal para os próximos meses deve ser maior ou igual ao do mês de:', 'Janeiro', 'Fevereiro', 'Março', 'Abril', 'Maio', 'B', 'medium', 150, 'https://foconoenem.com/wp-content/uploads/2022/10/image-15-300x287.png', NULL),
(246, 'Funcoes', 'Um processo de aeração, que consiste na introdução de ar num líquido, acontece do seguinte modo: uma bomba B retira o líquido de um tanque T1 e o faz passar pelo aerador A1, que aumenta o volume do líquido em 15%, e em seguida pelo aerador A2, ganhando novo aumento de volume de 10%. Ao final, ele fica armazenado num tanque T2. A equação que relaciona as medidas das alturas y e x é adaptada por:', 'y = 1,265x', 'y = 1,265x', 'y = 1,265x', 'y = 1,265x', 'y = 1,265x', 'A', 'hard', 200, 'https://foconoenem.com/wp-content/uploads/2022/10/image-17.png', NULL),
(247, 'Funcoes', 'Uma pessoa precisa comprar 15 sacos de cimento para uma reforma em sua casa. Faz pesquisa de preço em cinco depósitos que vendem o cimento de sua preferência e cobram frete para entrega do material, conforme a distância do depósito até a sua casa. A pessoa escolherá um desses depósitos para realizar sua compra, considerando os preços do cimento e do frete oferecidos em cada opção. Se a pessoa decidir pela opção mais econômica, o depósito escolhido para a realização dessa compra será o:', 'A', 'B', 'C', 'D', 'E', 'C', 'medium', 150, 'https://foconoenem.com/wp-content/uploads/2022/10/image-18.png', NULL),
(248, 'Funcoes', 'A exposição a barulhos excessivos, como os que percebemos em geral em trânsitos intensos, casas noturnas e espetáculos musicais, pode provocar insônia, estresse, infarto, perda de audição, entre outras enfermidades. O gráfico foi elaborado a partir da medição do ruído produzido, durante um dia, em um canteiro de obras. Nesse dia, durante quantas horas o ruído esteve acima de 55 decibéis?', '5', '8', '10', '11', '13', 'E', 'hard', 200, 'https://foconoenem.com/wp-content/uploads/2022/10/image-19.png', NULL),
(249, 'Funcoes', 'Um grupo de engenheiros está projetando um motor cujo esquema de deslocamento vertical do pistão dentro da câmara de combustão está representado na figura. O menor valor inteiro a ser atribuído ao parâmetro β, de forma que o motor a ser construído tenha boa potência, é:', '1', '2', '4', '5', '8', 'D', 'hard', 200, 'https://foconoenem.com/wp-content/uploads/2022/10/image-20-300x225.png', NULL),
(250, 'Funcoes', 'Viveiros de lagostas são construídos, por cooperativas locais de pescadores, em formato de prismas reto-retangulares, fixados ao solo e com telas flexíveis de mesma altura, capazes de suportar a corrosão marinha. Para cada viveiro a ser construído, a cooperativa utiliza integralmente 100 metros lineares dessa tela, que é usada apenas nas laterais. Quais devem ser os valores de X e de Y em metro, para que a área da base do viveiro seja máxima?', '1 e 49', '1 e 99', '10 e 10', '25 e 25', '50 e 50', 'D', 'medium', 150, 'https://foconoenem.com/wp-content/uploads/2022/10/image-21-300x213.png', NULL),
(251, 'Funcoes', 'Dois reservatórios A e B são alimentados por bombas distintas por um período de 20 horas. A quantidade de água contida em cada reservatório nesse período pode ser visualizada na figura. O número de horas em que os dois reservatórios contêm a mesma quantidade de água é:', '1', '2', '4', '5', '6', 'A', 'easy', 100, 'https://foconoenem.com/wp-content/uploads/2022/10/image-22-768x568.png', NULL),
(252, 'Funcoes', 'Os congestionamentos de trânsito constituem um problema que aflige, todos os dias, milhares de motoristas brasileiros. O gráfico ilustra a situação, representando, ao longo de um intervalo definido de tempo, a variação da velocidade de um veículo durante um congestionamento. Quantos minutos o veículo permaneceu imóvel ao longo do intervalo de tempo total analisado?', '4', '3', '2', '1', '0', 'E', 'easy', 100, 'https://foconoenem.com/wp-content/uploads/2022/10/image-23-300x126.png', NULL),
(253, 'geoplana', 'Um cortador de grama elétrico tem o cabo plugado em uma tomada fixa rente ao solo plano de um gramado. O cabo de energia mede 5 metros, e o cortador tem uma lâmina que corta 1 metro de largura. Atualmente ele corta, portanto, uma região no formato de círculo de raio 6 m. Pretende-se usar adicionalmente um cabo extensor, de modo que seja possível cortar uma região com o dobro da área que corta atualmente. Qual a medida aproximada, em metro, do comprimento do cabo extensor?', '12,0', '8,5', '6,0', '3,0', '2,5', 'E', 'hard', 200, 'https://qcon-assets-production.s3.amazonaws.com/images/provas/114014/Captura_de%20Tela%20%285224%29.png', NULL),
(254, 'geoplana', 'Uma empresa de publicidade está criando um logotipo que tem o formato indicado na figura. O círculo menor está inscrito no quadrado ABCD, e o círculo maior circunscreve o mesmo quadrado. Qual a razão da área do círculo maior para o círculo menor?', '√2', '1/2', '2', '8', '16', 'D', 'medium', 150, 'https://qcon-assets-production.s3.amazonaws.com/images/provas/114014/Captura_de%20Tela%20%285218%29.png', NULL),
(255, 'geoplana', 'Um clube está sendo reformado e deve ter algumas paredes e partes do teto repintadas. As tintas que devem ser escolhidas para uso nas paredes e teto do clube, respectivamente, são os de tipos', 'I e X', 'I e Y', 'II e X', 'II e X', 'III e Y', 'B', 'medium', 150, NULL, NULL),
(256, 'geoplana', 'Pretende-se que a nova pista tenha extensão mais próxima que a da original após duas modificações. Quais setores deverão ser modificados?', 'I e V', 'II e III', 'II e III', 'III e IV', 'IV e V', 'C', 'medium', 150, 'https://qcon-assets-production.s3.amazonaws.com/images/provas/114014/Captura_de%20Tela%20%285214%29.png', NULL),
(257, 'geoplana', 'O cliente decide adotar o projeto de menor custo. Qual será o custo mínimo, em conformidade com seu objetivo?', 'R$ 600,00', 'R$ 660,00', 'R$ 660,00', 'R$ 780,00', 'R$ 840,00', 'D', 'medium', 150, NULL, NULL),
(258, 'geoplana', 'Nessa escada, pisos e espelhos têm formato retangular, e as paredes laterais têm formato de um polígono cujos lados adjacentes são perpendiculares. Qual é a área total a ser revestida em cerâmica?', '1,20', '1,35', '1,65', '1,80', '1,95', 'E', 'easy', 100, 'https://qcon-assets-production.s3.amazonaws.com/images/provas/101194/Captura_de%20Tela%20%283520%29.png', NULL),
(259, 'geoplana', 'A medida da área, em metro quadrado, ocupada pela calçada ao redor da piscina é?', '1 000', '900', '600', '500', '400', 'D', 'easy', 100, 'https://qcon-assets-production.s3.amazonaws.com/images/provas/101194/Captura_de%20Tela%20%283510%29.png', NULL),
(260, 'geoplana', 'Qual é a parte da lua escondida atrás da torre mais alta do castelo?', 'cone', 'setor circular', 'segmento circular', 'triângulo isósceles', 'arco de circunferência', 'B', 'easy', 100, 'https://qcon-assets-production.s3.amazonaws.com/images/provas/101194/Captura_de%20Tela%20%283509%29.png', NULL),
(261, 'geoplana', 'A medida, em metro, de cada um dos cabos de aço a serem instalados no mastro da bandeira é?', '22 √3 / 3', '11 √2', '12 √2', '12 √3', '22', 'C', 'medium', 150, 'https://qcon-assets-production.s3.amazonaws.com/images/provas/101194/Captura_de%20Tela%20%283505%29.png', NULL),
(262, 'geoplana', 'Um parque tem dois circuitos de tamanhos diferentes para corridas. Um corredor treina nesse parque e, no primeiro dia, inicia seu treino percorrendo\r\n\r\n3 voltas em torno do circuito maior e 2 voltas em torno do menor, perfazendo um total de 1 800 m. Em seguida, dando continuidade a seu treino, corre mais 2 voltas em torno do circuito maior e 1 volta em torno do menor, percorrendo mais 1 100 m.\r\n\r\nNo segundo dia, ele pretende percorrer 5 000 m nos circuitos do parque, fazendo um número inteiro de voltas em torno deles e de modo que o número de voltas seja o maior possível.A soma do número de voltas em torno dos dois circuitos no segundo dia é?', '10', '13', '14', '15', '16', 'E', 'medium', 150, NULL, NULL),
(263, 'geoplana', 'Qual a área de um quadrado com lado de 5 metros?', '10 m²', '15 m²', '20 m²', '25 m²', '30 m²', 'D', 'easy', 100, NULL, NULL),
(264, 'geoplana', 'Qual o perímetro de um triângulo equilátero com lado de 6 metros?', '12 m', '18 m', '24 m', '30 m', '36 m', 'B', 'easy', 100, NULL, NULL),
(265, 'geoplana', 'Qual a área de um círculo de raio 7 metros? (Use π ≈ 3,14)', '154 m²', '140 m²', '170 m²', '120 m²', '180 m²', 'A', 'easy', 100, NULL, NULL),
(266, 'geoplana', 'Qual a área de um retângulo com comprimento 8 metros e largura 3 metros?', '18 m²', '24 m²', '28 m²', '30 m²', '32 m²', 'B', 'easy', 100, NULL, NULL),
(267, 'geoplana', 'Qual o perímetro de um quadrado com lado de 4 metros?', '12 m', '14 m', '16 m', '18 m', '20 m', 'C', 'easy', 100, NULL, NULL),
(268, 'geoplana', 'Qual o raio de um círculo de área 78,5 m²? (Use π ≈ 3,14)', '4 m', '5 m', '6 m', '7 m', '8 m', 'B', 'easy', 100, NULL, NULL),
(269, 'geoplana', 'Qual a medida da diagonal de um quadrado com lado de 6 metros?', '8 m', '10 m', '12 m', '15 m', '16 m', 'B', 'easy', 100, NULL, NULL),
(270, 'geoplana', 'Qual a área de um triângulo com base 10 metros e altura 6 metros?', '30 m²', '40 m²', '50 m²', '60 m²', '70 m²', 'A', 'easy', 100, NULL, NULL),
(271, 'geoplana', 'Qual o perímetro de um retângulo com comprimento 5 metros e largura 2 metros?', '12 m', '14 m', '16 m', '18 m', '20 m', 'B', 'easy', 100, NULL, NULL),
(272, 'geoplana', 'Qual a área de um círculo de raio 4 metros? (Use π ≈ 3,14)', '50,24 m²', '40,24 m²', '60,24 m²', '70,24 m²', '80,24 m²', 'A', 'easy', 100, NULL, NULL),
(273, 'geoplana', 'Uma quadra oficial de futebol de salão ocupa uma área que corresponde à área de um retângulo com comprimento de 40 m e largura de 20 m. Para segurança dos atletas, as linhas demarcatórias da quadra, nas laterais e nos fundos, deverão estar a uma distância de, no mínimo, 2 m de obstáculos que não fazem parte da quadra, tais como rede de proteção, tela, grade ou parede. A gerência do Departamento de Obras de uma Prefeitura avalia adquirir um terreno e nele construir uma quadra oficial de futebol de salão. Há cinco terrenos disponíveis, e a gerência comprará o terreno que tiver menor área, desde que comporte a construção da quadra garantindo todas as demandas que ofereçam segurança aos atletas.', '1', '2', '3', '4', '5', 'E', 'hard', 200, 'https://qcon-assets-production.s3.amazonaws.com/images/provas/114100/Captura_de%20tela%202024-07-30%20005303.png', 'Planeja-se ainda que a quadra seja construída de modo que o seu lado maior seja paralelo à rua. Qual dos cinco terrenos a gerência deve adquirir a fim de atender a todas as exigências apresentadas?'),
(274, 'geoespacial', 'Um cilindro circular reto tem altura de 10 cm e raio da base de 3 cm. Qual é o volume desse cilindro?', '90π cm³', '100π cm³', '180π cm³', '270π cm³', '300π cm³', 'D', 'medium', 150, NULL, NULL),
(275, 'geoespacial', 'Um cone tem altura de 9 cm e raio da base de 6 cm. Qual é o volume do cone?', '54π cm³', '108π cm³', '162π cm³', '216π cm³', '324π cm³', 'D', 'medium', 150, NULL, NULL),
(276, 'geoespacial', 'Um paralelepípedo tem dimensões 4 cm, 6 cm e 8 cm. Qual é a área total da superfície do paralelepípedo?', '136 cm²', '148 cm²', '164 cm²', '176 cm²', '192 cm²', 'E', 'easy', 100, NULL, NULL),
(277, 'geoespacial', 'Um cubo tem volume igual a 64 cm³. Qual é a área total desse cubo?', '16 cm²', '24 cm²', '48 cm²', '64 cm²', '96 cm²', 'E', 'easy', 100, NULL, NULL),
(278, 'geoespacial', 'Uma pirâmide de base quadrada tem altura de 9 cm e área da base de 16 cm². Qual é o volume da pirâmide?', '36 cm³', '48 cm³', '72 cm³', '108 cm³', '144 cm³', 'B', 'hard', 200, NULL, NULL),
(279, 'geoespacial', 'Uma esfera tem volume de 288π cm³. Qual é o raio dessa esfera?', '3 cm', '4 cm', '6 cm', '9 cm', '12 cm', 'B', 'medium', 150, NULL, NULL),
(280, 'geoespacial', 'Um prisma reto tem base triangular com lados de 6 cm, 8 cm e 10 cm, e altura de 12 cm. Qual é o volume do prisma?', '240 cm³', '288 cm³', '360 cm³', '432 cm³', '480 cm³', 'D', 'hard', 200, NULL, NULL),
(281, 'geoespacial', 'Um cilindro tem raio da base de 4 cm e altura de 15 cm. Qual é a área lateral desse cilindro?', '60π cm²', '120π cm²', '240π cm²', '300π cm²', '360π cm²', 'C', 'medium', 150, NULL, NULL),
(282, 'geoespacial', 'Qual é a soma das áreas das faces de um cubo cujo volume é 27 cm³?', '18 cm²', '24 cm²', '36 cm²', '54 cm²', '72 cm²', 'D', 'medium', 150, NULL, NULL),
(283, 'geoespacial', 'Um prisma reto tem base quadrada de lado 5 cm e altura de 12 cm. Qual é o volume desse prisma?', '200 cm³', '250 cm³', '300 cm³', '400 cm³', '500 cm³', 'E', 'hard', 200, NULL, NULL),
(284, 'geoespacial', 'Um recipiente possui formato de um prisma com as dimensões a seguir: https://s4.static.brasilescola.uol.com.br/exercicios/2022/08/ilustracao-prisma.jpg Sabendo que 2/3 do volume desse recipiente estão ocupados, então o volume não ocupado é igual a:', '200 cm³', '300 cm³', '500 cm³', '600 cm³', '900 cm³', 'B', 'medium', 150, NULL, 'O recipiente possui uma forma geométrica com características de um prisma.'),
(285, 'geoespacial', 'O recipiente a seguir é uma forma geométrica: https://s1.static.brasilescola.uol.com.br/exercicios/2022/08/tronco-piramide.png Analisando essa forma geométrica, um aluno fez três afirmativas:\n\nI. Essa forma geométrica é um prisma de base quadrada.\nII. Essa forma geométrica é um poliedro.\nIII. Essa forma geométrica não é um sólido geométrico.\nMarque a alternativa correta:', 'Somente a afirmativa I é verdadeira.', 'Somente a afirmativa II é verdadeira.', 'Somente a afirmativa III é verdadeira.', 'Todas as afirmativas são falsas.', 'Todas as afirmativas são verdadeiras.', 'B', 'medium', 150, NULL, 'Essa forma geométrica é um poliedro e é possível visualizar diferentes tipos de sólidos geométricos.'),
(286, 'geoespacial', 'Em regiões agrícolas, é comum a presença de silos para armazenamento e secagem da produção de grãos, no formato de um cilindro reto, sobreposto por um cone, e dimensões indicadas na figura. O silo fica cheio, e o transporte dos grãos é feito em caminhões de carga cuja capacidade é de 20 m³. Uma região possui um silo cheio e apenas um caminhão para transportar os grãos para a usina de beneficiamento. https://s1.static.brasilescola.uol.com.br/exercicios/2022/08/tres-silos.jpg Utilize 3 como aproximação para π.\nO número mínimo de viagens que o caminhão precisará fazer para transportar todo o volume de grãos armazenados no silo é:', '6', '16', '17', '18', '21', 'D', 'hard', 200, NULL, 'Calcule o volume total do silo e determine quantas viagens são necessárias para transportar a carga de 20 m³.'),
(287, 'geoespacial', 'Um fazendeiro tem um depósito para armazenar leite formado por duas partes cúbicas que se comunicam, como indicado na figura. A aresta da parte cúbica de baixo tem medida igual ao dobro da medida da aresta da parte cúbica de cima. A torneira utilizada para encher o depósito tem vazão constante e levou 8 minutos para encher metade da parte de baixo. https://s3.static.brasilescola.uol.com.br/exercicios/2022/08/cubo-sobre-cubo.png Quantos minutos essa torneira levará para encher completamente o restante do depósito?', '8', '10', '16', '18', '24', 'B', 'medium', 150, NULL, 'O depósito é formado por duas partes cúbicas interligadas, e é necessário calcular o tempo necessário para completar o enchimento.'),
(288, 'geoespacial', 'Considere um aquário em forma de paralelepípedo reto de base retangular, contendo água até certo nível e com dimensões da base, medindo 6 metros e 5 metros. Após a imersão de certo objeto sólido nesse aquário, o nível da água subiu 20 cm sem que água transbordasse. Nessas condições, é correto afirmar que o volume desse objeto sólido em metros cúbicos é de: https://s4.static.brasilescola.uol.com.br/exercicios/2022/08/aquario-paralelepipedo.png', '0,6 m³', '6 m³', '60 m³', '600 m³', '500 m³', 'B', 'medium', 150, NULL, 'O aumento do nível da água no aquário é causado pela imersão do objeto, e é necessário calcular o volume do objeto a partir das mudanças no nível da água.'),
(289, 'graficos', 'O Torcidômetro é uma ferramenta para se entender a dinâmica do crescimento ou encolhimento das torcidas dos times de futebol no país. O gráfico mostra a variação percentual, entre 1993 e 2007, das torcidas de cinco times numerados em: I, II, III, IV e V.', 'I.', 'II.', 'III.', 'IV.', 'V', 'D', 'easy', 100, 'https://qcon-assets-production.s3.amazonaws.com/images/provas/114100/Captura_de%20tela%202024-07-30%20013450.png', 'Os dados exibidos no gráfico indicam que a torcida que apenas cresceu, entre fevereiro de 2006 e agosto de 2007, foi a torcida do time'),
(290, 'graficos', 'Uma empresa fundada em 2005, ao longo dos anos ganhou popularidade e aumentou consideravelmente sua atuação na economia do país. Os lucros anuais e seu padrão de crescimento podem ser observados na tabela.', '120', '134', '1025', '2056', '2054', 'D', 'medium', 150, 'https://qcon-assets-production.s3.amazonaws.com/images/provas/114100/Captura_de%20tela%202024-07-29%20234758.png', 'Supondo que se tenha mantido o padrão observado na tabela para os 5 anos seguintes, estima-se que o lucro total dessa empresa, de 2005 a 2014, em milhar de real, foi'),
(291, 'graficos', 'Um proprietário precisa comprar tubos para ligações hidráulicas durante a reforma de sua casa, optando pela compra do material de menor custo. O engenheiro responsável pela obra afirmou ao proprietário que os tubos precisam suportar uma vazão de 1,2 litro por segundo. Para manter o padrão das tubulações já existentes na casa, os tubos devem ter 15, 20 ou 25 mm de diâmetro. Uma loja de materiais de construção apresentou ao proprietário o quadro no qual se encontram cinco tipos de tubo, com indicação de diâmetro, vazão e custo para cada um deles.', 'PVC soldável com 20 mm de diâmetro.', 'PEX com 20 mm de diâmetro.', 'Polipropileno com 15 mm de diâmetro.', 'PVC roscável com 25 mm de diâmetro.', 'Polietileno reticulado com 20 mm de diâmetro. ', 'D', 'hard', 200, 'https://qcon-assets-production.s3.amazonaws.com/images/provas/114014/Captura_de%20Tela%20%285223%29.png', 'O proprietário deverá comprar'),
(292, 'graficos', 'A classificação de um país no quadro de medalhas olímpicas deve-se primeiro ao número de medalhas de ouro que o país conquistou. Em caso de empate no número de medalhas de ouro, passa a ser considerado o número de medalhas de prata e, por fim, o de medalhas de bronze. O quadro de medalhas a seguir apresenta os países classificados do 9º ao 11º lugar nas Olimpíadas de Londres, realizadas em 2012.', '22', '19', '17', '16', '14', 'B', 'easy', 100, 'https://qcon-assets-production.s3.amazonaws.com/images/provas/114014/Captura_de%20Tela%20%285202%29.png', 'Nessa olimpíada, o Brasil obteve 3 medalhas de ouro, 5 de prata e 9 de bronze, classificando-se em 22º lugar no quadro geral de medalhas. Supondo que o número de medalhas dos demais países permaneça inalterado, qual o número mínimo de medalhas que o Brasil deveria ter ganhado a mais nas Olimpíadas de Londres a fim de ficar exatamente na 10ª posição?'),
(293, 'graficos', 'As características culturais variam de povo para povo. Há notícias de um povo que possuía formas de contar diferentes das nossas, como indicado no quadrinho a seguir.', 'okosa urapum urapum urapum e okosa okosa urapum urapum urapum.', 'okosa okosa urapum e okosa okosa okosa okosa urapum.', 'okosa okosa urapum e okosa okosa okosa urapum.', 'okosa urapum urapum e okosa urapum okosa urapum urapum.', 'okosa okosa urapum e okosa okosa okosa okosa', 'C', 'medium', 150, 'https://qcon-assets-production.s3.amazonaws.com/images/provas/101194/Captura_de%20Tela%20%283539%29.png', 'Segundo o padrão de contagem indicado na figura, as representações dos numerais cinco e sete, nessa cultura, devem ser, respectivamente,'),
(294, 'graficos', 'Uma empresa fundada em 2005, ao longo dos anos ganhou popularidade e aumentou consideravelmente sua atuação na economia do país. Os lucros anuais e seu padrão de crescimento podem ser observados na tabela.', '120', '134', '1025', '2056', '2074', 'D', 'medium', 150, 'https://qcon-assets-production.s3.amazonaws.com/images/provas/114100/Captura_de%20tela%202024-07-29%20234758.png', 'Supondo que se tenha mantido o padrão observado na tabela para os 5 anos seguintes, estima-se que o lucro total dessa empresa, de 2005 a 2014, em milhar de real, foi'),
(295, 'graficos', 'Nos últimos anos, ocorreu redução gradativa da taxa de crescimento populacional em quase todos os continentes. A seguir, são apresentados dados relativos aos países mais populosos em 2000 e também as projeções para 2050.', 'a taxa de crescimento populacional da China será negativa.', 'a população do Brasil duplicará.', 'a taxa de crescimento da população da Indonésia será menor que a dos EUA.', 'a população do Paquistão crescerá mais de 100%.', 'a população do Paquistão crescerá mais de 100%.', 'D', 'medium', 150, 'https://s4.static.brasilescola.uol.com.br/img/2016/11/grafico-exemplo-1.jpg', 'Um esboço de gráfico que descreve o volume de água acumulado, em litro, liberado por essa torneira durante um ciclo de lavagem das mãos, em função do tempo (t), em segundo, é'),
(296, 'graficos', 'O dono de uma farmácia resolveu colocar à vista do público o gráfico mostrado a seguir, que apresenta a evolução do total de vendas (em reais) de certo medicamento ao longo do ano de 2011.', 'março e abril.', 'março e agosto', 'agosto e setembro', 'junho e setembro', 'junho e agosto', 'E', 'medium', 150, 'https://content.querobolsa.com.br/assets/bd657c08-44ba-4207-87c0-0a91532ae942', 'De acordo com o gráfico, os meses em que ocorreram, respectivamente, a maior e a menor vendas absolutas em 2011 foram:'),
(297, 'graficos', 'O gráfico expõe alguns números da gripe A-H1N1. Entre as categorias que estão em processo de imunização, uma já está completamente imunizada, a dos trabalhadores da saúde.', 'indígenas', 'gestantes', 'doentes crônicos', 'adultos entre 20 e 29 anos', 'crianças de 6 meses a 2 anos', 'D', 'easy', 100, 'https://content.querobolsa.com.br/assets/79e3ea9e-7495-4645-abcf-492ac87b4b0e', 'De acordo com o gráfico, entre as demais categorias, a que está mais exposta ao vírus da gripe A-H1N1 é a categoria de'),
(298, 'graficos', 'O polímero de PET (Politereftalato de Etileno) é um dos plásticos mais reciclados em todo o mundo devido à sua extensa gama de aplicações, entre elas, fibras têxteis, tapetes, embalagens, filmes e cordas. Os gráficos mostram o destino do PET reciclado no Brasil, sendo que, no ano de 2010, o total de PET reciclado foi de 282 kton (quilotoneladas).', '16,0', '22,9', '32,0', '84,6', '106,6', 'E', 'hard', 200, 'https://content.querobolsa.com.br/assets/40497fb2-c1a0-4877-a281-2d3fb0197282', 'De acordo com os gráficos, a quantidade de embalagens PET recicladas destinadas à produção de tecidos e malhas, em kton, é mais aproximada de'),
(304, 'graficos', 'As alturas dos alunos de uma turma foram registradas em centímetros e organizados no histograma abaixo. Pela leitura do histograma podemos afirmar que', 'A maior quantidade de alunos da turma possui entre 140 cm e 155 cm.', 'Há mais alunos até 155 cm do que entre 156 cm e 175 cm.', 'Há mais alunos entre 156 cm e 175 cm do que entre 140 cm e 155 cm.', 'A mediana das alturas está na classe 156 cm - 160 cm.', 'A moda das alturas está na classe 156 cm - 160 cm.', 'A', 'easy', 100, 'https://static.todamateria.com.br/upload/hi/st/histograma-cke.jpg', 'O histograma mostra as alturas dos alunos.'),
(307, 'graficos', 'Uma artesã está expandindo seus negócios e decidiu contratar dois vendedores: Cláudio e Mariana. O seguinte gráfico de barras mostra as vendas nos três meses iniciais do ano. O vendedor que mais vendeu foi ________, superando em ____% as vendas de ________ no trimestre.', 'Mariana - 20,3% - Cláudio', 'Mariana - 23,6% - Cláudio', 'Cláudio - 25,0% - Mariana', 'Cláudio - 17,6% - Mariana', 'Cláudio - 13,6% - Mariana', 'E', 'medium', 150, 'https://static.todamateria.com.br/upload/gr/af/graficabarrashorizontais-cke.jpg', 'A sequência que completa corretamente o enunciado é:'),
(308, 'graficos', 'As alturas dos alunos de uma turma foram registradas em centímetros e organizados no histograma abaixo. Pela leitura do histograma podemos afirmar que', 'A maior quantidade de alunos da turma possui entre 140 cm e 155 cm.', 'Há mais alunos até 155 cm do que entre 156 cm e 175 cm.', 'Há mais alunos entre 156 cm e 175 cm do que entre 140 cm e 155 cm.', 'A mediana das alturas está na classe 156 cm - 160 cm.', 'A moda das alturas está na classe 156 cm - 160 cm.', 'A', 'easy', 100, 'https://static.todamateria.com.br/upload/hi/st/histograma-cke.jpg', 'O histograma mostra as alturas dos alunos.'),
(309, 'graficos', 'Uma pesquisa levantou o total de livros lidos por todos os alunos de uma escola por mês e indicada no gráfico. O mês em que os alunos leram a maior quantidade de livros, o que leram a menor quantidade e a média de livros lidos por mês no ano são, respectivamente', 'setembro - agosto - 19,5', 'setembro - dezembro - 27,5', 'setembro - janeiro - 22,5', 'abril - dezembro - 22,5.', 'abril - agosto - 22,5', 'D', 'medium', 150, 'https://static.todamateria.com.br/upload/li/vr/livrospormes-cke.jpg', 'O gráfico mostra o total de livros lidos por mês.'),
(310, 'graficos', 'A raiva é uma doença viral e infecciosa, transmitida por mamíferos. A campanha nacional de vacinação antirrábica tem o objetivo de controlar a circulação do vírus da raiva canina e felina, prevenindo a raiva humana. O gráfico mostra a cobertura (porcentagem de vacinados) da campanha, em cães, nos anos de 2013, 2015 e 2017, no município de Belo Horizonte, em Minas Gerais. Os valores das coberturas dos anos de 2014 e 2016 não estão informados no gráfico e deseja-se estimá-los. Para tal, levou-se em consideração que a variação na cobertura de vacinação da campanha antirrábica, nos períodos de 2013 a 2015 e de 2015 a 2017, deu-se de forma linear. Qual teria sido a cobertura dessa campanha no ano de 2014?', '62,3%', '63,0%', '63,5%', '64,0%', '65,5%', 'B', 'medium', 150, 'https://static.todamateria.com.br/upload/gr/af/graficolinhaenem-cke.jpg', 'Estime a cobertura de vacinação em 2014 considerando a variação linear.'),
(311, 'probabilidade', '(Enem 2010 2ª aplicação) Em uma reserva florestal existem 263 espécies de peixes, 122 espécies de mamíferos, 93 espécies de répteis, 1 132 espécies de borboletas e 656 espécies de aves. Se uma espécie animal for capturada ao acaso, qual a probabilidade de ser uma borboleta?', '63,31%', '60,18%', '56,52%', '49,96%', '43,27%', 'D', 'easy', 100, NULL, NULL),
(312, 'probabilidade', '(Enem 2015) Em uma central de atendimento, cem pessoas receberam senhas numeradas de 1 até 100. Uma das senhas é sorteada ao acaso.', '1/100', '19/100', '20/100', '21/100', '80/100', 'C', 'easy', 100, NULL, NULL),
(313, 'probabilidade', '(Enem 2017 – 2ª aplicação) Um programa de televisão criou um perfil em uma rede social, e a ideia era de que esse perfil fosse sorteado para um dos seguidores, quando esses fossem em número de um milhão. Agora que essa quantidade de seguidores foi atingida, os organizadores perceberam que apenas 80% deles são realmente fãs do programa. Por conta disso, resolveram que todos os seguidores farão um teste, com perguntas objetivas referentes ao programa, e só poderão participar do sorteio aqueles que forem aprovados. Estatísticas revelam que, num teste dessa natureza, a taxa de aprovação é de 90% dos fãs e de 15% dos que não são fãs. De acordo com essas informações, a razão entre a probabilidade de que um fã seja sorteado e a probabilidade de que o sorteado seja alguém que não é fã do programa é igual a', '1', '4', '6', '24', '96', 'D', 'hard', 200, NULL, NULL),
(314, 'probabilidade', '(Enem 2017) Um morador de uma região metropolitana tem 50% de probabilidade de atrasar-se para o trabalho quando chove na região; caso não chova, sua probabilidade de atraso é de 25%. Para um determinado dia, o serviço de meteorologia estima em 30% a probabilidade da ocorrência de chuva nessa região. Qual é a probabilidade de esse morador se atrasar para o serviço no dia para o qual foi dada a estimativa de chuva?', '0,075', '0,150', '0,325', '0,600', '0,800', 'C', 'medium', 150, NULL, NULL),
(315, 'probabilidade', '(Enem 2013) Numa escola com 1 200 alunos foi realizada uma pesquisa sobre o conhecimento desses em duas línguas estrangeiras, inglês e espanhol. Nessa pesquisa constatou-se que 600 alunos falam inglês, 500 falam espanhol e 300 não falam qualquer um desses idiomas. Escolhendo-se um aluno dessa escola ao acaso e sabendo-se que ele não fala inglês, qual a probabilidade de que esse aluno fale espanhol?', '1/2', '5/8', '1/4', '5/6', '5/14', 'A', 'medium', 150, NULL, NULL),
(316, 'probabilidade', '(Enem 2017) Uma aluna estuda numa turma de 40 alunos. Em um dia, essa turma foi dividida em três salas, A, B e C, de acordo com a capacidade das salas. Na sala A ficaram 10 alunos, na B, outros 12 alunos e na C, 18 alunos. Será feito um sorteio no qual, primeiro, será sorteada uma sala e, posteriormente, será sorteado um aluno dessa sala. Qual é a probabilidade de aquela aluna específica ser sorteada, sabendo que ela está na sala C?', '1/3', '1/18', '1/40', '1/54', '7/18', 'C', 'easy', 100, NULL, NULL),
(317, 'probabilidade', '(Enem 2011) Em um jogo disputado em uma mesa de sinuca, há 16 bolas: 1 branca e 15 coloridas, as quais, de acordo com a coloração, valem de 1 a 15 pontos (um valor para cada bola colorida). O jogador acerta o taco na bola branca de forma que esta acerte as outras, com o objetivo de acertar duas das quinze bolas em quaisquer caçapas. Os valores dessas duas bolas são somados e devem resultar em um valor escolhido pelo jogador antes do início da jogada. Arthur, Bernardo e Caio escolhem os números 12, 17 e 22 como sendo resultados de suas respectivas somas. Com essa escolha, quem tem a maior probabilidade de ganhar o jogo é', 'Arthur, pois a soma que escolheu é a menor.', 'Bernardo, pois há 7 possibilidades de compor a soma escolhida por ele, contra 4 possibilidades para a escolha de Arthur e 4 possibilidades para a escolha de Caio.', 'Bernardo, pois há 7 possibilidades de compor a soma escolhida por ele, contra 5 possibilidades para a escolha de Arthur e 4 possibilidades para a escolha de Caio.', 'Caio, pois há 10 possibilidades de compor a soma escolhida por ele, contra 5 possibilidades para a escolha de Arthur e 8 possibilidades para a escolha de Bernardo.', 'Caio, pois a soma que escolheu é a maior', 'D', 'hard', 200, NULL, NULL),
(318, 'probabilidade', '(Enem Digital 2020) Um apostador deve escolher uma entre cinco moedas ao acaso e lançá-la sobre uma mesa, tentando acertar qual resultado (cara ou coroa) sairá na face superior da moeda. Suponha que as cinco moedas que ele pode escolher sejam diferentes: duas delas têm “cara” nas duas faces; uma delas tem “coroa” nas duas faces; duas delas são normais (cara em uma face e coroa na outra). Nesse jogo, qual é a probabilidade de o apostador obter uma face “cara” no lado superior da moeda lançada por ele?', '1/8', '2/5', '3/5', '3/4', '3/4', 'C', 'medium', 150, NULL, NULL),
(319, 'probabilidade', '(Enem 2019) O dono de um restaurante situado às margens de uma rodovia percebeu que, ao colocar uma placa de propaganda de seu restaurante ao longo da rodovia, as vendas aumentaram. Pesquisou junto aos seus clientes e concluiu que a probabilidade de um motorista perceber uma placa de anúncio é 1/2. Com isso, após autorização do órgão competente, decidiu instalar novas placas com anúncios de seu restaurante ao longo dessa rodovia, de maneira que a probabilidade de um motorista perceber pelo menos uma das placas instaladas fosse superior a 99/100. A quantidade mínima de novas placas de propaganda a serem instaladas é', '99', '51', '51', '6', '1', 'D', 'hard', 200, NULL, NULL),
(320, 'probabilidade', '(Enem 2020) Amigo secreto é uma brincadeira tradicional nas festas de fim de ano. Um grupo de amigos se reúne e cada um deles sorteia o nome da pessoa que irá presentear. No dia da troca de presentes, uma primeira pessoa presenteia seu amigo secreto. Em seguida, o presenteado revela seu amigo secreto e o presenteia. A brincadeira continua até que todos sejam presenteados, mesmo no caso em que o ciclo se fecha. Dez funcionários de uma empresa, entre eles um casal, participarão de um amigo secreto. A primeira pessoa a revelar será definida por sorteio. Qual é a probabilidade de que a primeira pessoa a revelar o seu amigo secreto e a última presenteada sejam as duas pessoas do casal?', '1/15', '1/45', '1/50', '1/90', '1/100', 'B', 'medium', 150, NULL, NULL),
(321, 'Aritmética', 'Qual é o resultado da operação 7 - (-3)?', '10', '5', '4', '7', '12', 'A', 'easy', 100, NULL, NULL),
(322, 'Aritmética', 'Qual é o resultado da operação 3/4 + 2/4?', '1', '2', '5/4', '7/4', '3/4', 'A', 'easy', 100, NULL, NULL),
(323, 'Aritmética', 'Qual é a simplificação da fração 8/12?', '2/3', '3/4', '4/5', '5/6', '8/12', 'A', 'medium', 150, NULL, NULL),
(324, 'Aritmética', 'Qual é o valor de 5,5 x 2?', '11', '10', '9', '12', '10,5', 'A', 'easy', 100, NULL, NULL),
(325, 'Aritmética', 'Qual é a raiz quadrada de 49?', '7', '6', '5', '8', '9', 'A', 'easy', 100, NULL, NULL),
(326, 'Aritmética', 'Se 3 lápis custam R$6,00, quanto custam 5?', 'R$10,00', 'R$12,00', 'R$9,00', 'R$8,00', 'R$7,00', 'A', 'medium', 150, NULL, NULL),
(327, 'Aritmética', 'Quanto é 7/9 dividido por 2/3?', '7/6', '14/18', '9/12', '8/7', '5/6', 'A', 'hard', 200, NULL, NULL),
(328, 'Aritmética', 'Qual é a soma dos primeiros 10 termos de uma PA onde o primeiro termo é 3 e a razão é 2?', '50', '60', '70', '80', '90', 'A', 'medium', 150, NULL, NULL),
(329, 'Aritmética', 'Qual é a soma dos 5 primeiros termos de uma PG onde o primeiro termo é 2 e a razão é 3?', '242', '210', '215', '225', '220', 'A', 'hard', 200, NULL, NULL),
(330, 'Aritmética', 'Quantos metros há em 2,5 km?', '250', '2500', '25000', '2000', '20', 'B', 'easy', 100, NULL, NULL);

-- --------------------------------------------------------

--
-- Estrutura para tabela `rankings`
--

CREATE TABLE `rankings` (
  `id` int(11) NOT NULL,
  `user_id` int(11) DEFAULT NULL,
  `xp` int(11) DEFAULT NULL,
  `position` int(11) DEFAULT NULL,
  `division` varchar(50) DEFAULT NULL,
  `updated_at` timestamp NOT NULL DEFAULT current_timestamp()
) ENGINE=InnoDB DEFAULT CHARSET=utf8mb4 COLLATE=utf8mb4_general_ci;

--
-- Despejando dados para a tabela `rankings`
--

INSERT INTO `rankings` (`id`, `user_id`, `xp`, `position`, `division`, `updated_at`) VALUES
(1, 1, 65750, 1, 'Ouro', '2024-11-17 19:47:43'),
(2, 2, 9500, 2, 'Ouro', '2024-11-17 19:47:43');

-- --------------------------------------------------------

--
-- Estrutura para tabela `users`
--

CREATE TABLE `users` (
  `ID` int(11) NOT NULL,
  `name` varchar(100) NOT NULL,
  `email` varchar(90) NOT NULL,
  `phone` varchar(15) DEFAULT NULL,
  `date_birth` date DEFAULT NULL,
  `password` varchar(45) NOT NULL,
  `XP` int(11) DEFAULT 0,
  `XP_grandezas` int(11) DEFAULT 0,
  `XP_estatistica` int(11) DEFAULT 0,
  `XP_aritmetica` int(11) DEFAULT 0,
  `XP_geoespacial` int(11) DEFAULT 0,
  `XP_funcoes` int(11) DEFAULT 0,
  `XP_probabilidade` int(11) DEFAULT 0,
  `XP_geoplana` int(11) DEFAULT 0,
  `XP_graficos` int(11) DEFAULT 0,
  `level` int(11) DEFAULT 1,
  `registration_date` timestamp NOT NULL DEFAULT current_timestamp(),
  `days_streak` int(11) DEFAULT 0,
  `last_quiz_date` date DEFAULT NULL,
  `easy_count` int(11) DEFAULT 5,
  `medium_count` int(11) DEFAULT 3,
  `hard_count` int(11) DEFAULT 2
) ENGINE=InnoDB DEFAULT CHARSET=utf8mb4 COLLATE=utf8mb4_general_ci;

--
-- Despejando dados para a tabela `users`
--

INSERT INTO `users` (`ID`, `name`, `email`, `phone`, `date_birth`, `password`, `XP`, `XP_grandezas`, `XP_estatistica`, `XP_aritmetica`, `XP_geoespacial`, `XP_funcoes`, `XP_probabilidade`, `XP_geoplana`, `XP_graficos`, `level`, `registration_date`, `days_streak`, `last_quiz_date`, `easy_count`, `medium_count`, `hard_count`) VALUES
(1, 'Isis', 'isabelle2015outlook@gmail.com', '11976968390', '2006-05-09', 'isa123', 65750, 35800, 6300, NULL, NULL, 20450, NULL, 0, NULL, 657, '2024-11-11 15:38:06', 6, '2024-11-17', 5, 3, 2),
(2, 'Thommy', 'miniboi@gmail.com', '123456789', '2006-05-09', 'boi123', 9500, 2150, 1000, 550, 500, 1600, 1500, 1250, 950, 95, '2024-11-12 20:56:47', 1, '2024-11-17', 5, 3, 2);

-- --------------------------------------------------------

--
-- Estrutura para tabela `user_achievements`
--

CREATE TABLE `user_achievements` (
  `user_id` int(11) NOT NULL,
  `achievement_id` int(11) NOT NULL,
  `achieved_on` timestamp NOT NULL DEFAULT current_timestamp()
) ENGINE=InnoDB DEFAULT CHARSET=utf8mb4 COLLATE=utf8mb4_general_ci;

--
-- Despejando dados para a tabela `user_achievements`
--

INSERT INTO `user_achievements` (`user_id`, `achievement_id`, `achieved_on`) VALUES
(1, 1, '2024-11-12 02:58:23');

-- --------------------------------------------------------

--
-- Estrutura para tabela `user_answers`
--

CREATE TABLE `user_answers` (
  `user_id` int(11) NOT NULL,
  `question_id` int(11) NOT NULL,
  `correct` int(11) DEFAULT 0,
  `created_at` timestamp NOT NULL DEFAULT current_timestamp()
) ENGINE=InnoDB DEFAULT CHARSET=utf8mb4 COLLATE=utf8mb4_general_ci;

--
-- Despejando dados para a tabela `user_answers`
--

INSERT INTO `user_answers` (`user_id`, `question_id`, `correct`, `created_at`) VALUES
(1, 5, 1, '2024-11-17 14:23:24'),
(1, 6, 1, '2024-11-17 14:23:24'),
(1, 7, 0, '2024-11-17 14:23:24'),
(1, 8, 1, '2024-11-17 14:23:24'),
(1, 9, 0, '2024-11-17 14:23:24'),
(1, 10, 1, '2024-11-17 14:23:24'),
(1, 11, 1, '2024-11-17 14:23:24'),
(1, 12, 1, '2024-11-17 14:23:24'),
(1, 13, 1, '2024-11-17 14:23:24'),
(1, 14, 1, '2024-11-17 14:23:24'),
(1, 15, 0, '2024-11-17 14:23:24'),
(1, 16, 0, '2024-11-17 14:23:24'),
(1, 17, 1, '2024-11-17 14:23:24'),
(1, 18, 0, '2024-11-17 14:23:24'),
(1, 19, 1, '2024-11-17 14:23:24'),
(1, 20, 1, '2024-11-17 14:23:24'),
(1, 21, 1, '2024-11-17 14:23:24'),
(1, 22, 1, '2024-11-17 14:23:24'),
(1, 23, 1, '2024-11-17 14:23:24'),
(1, 243, 1, '2024-11-17 14:23:24'),
(1, 244, 1, '2024-11-17 14:23:24'),
(1, 245, 1, '2024-11-17 14:23:24'),
(1, 246, 0, '2024-11-17 14:23:24'),
(1, 247, 0, '2024-11-17 14:23:24'),
(1, 248, 1, '2024-11-17 14:23:24'),
(1, 249, 1, '2024-11-17 14:23:24'),
(1, 250, 1, '2024-11-17 14:23:24'),
(1, 251, 1, '2024-11-17 14:23:24'),
(1, 252, 1, '2024-11-17 14:23:24'),
(1, 253, 0, '2024-11-17 17:02:43'),
(1, 254, 0, '2024-11-17 17:02:43'),
(1, 255, 0, '2024-11-17 17:02:43'),
(1, 256, 0, '2024-11-17 17:02:43'),
(1, 257, 0, '2024-11-17 17:02:43'),
(1, 258, 0, '2024-11-17 17:02:43'),
(1, 259, 0, '2024-11-17 17:02:43'),
(1, 260, 0, '2024-11-17 17:02:43'),
(1, 261, 0, '2024-11-17 17:02:43'),
(1, 262, 0, '2024-11-17 17:02:43'),
(2, 5, 1, '2024-11-17 18:13:27'),
(2, 6, 1, '2024-11-17 18:13:27'),
(2, 7, 1, '2024-11-17 18:13:27'),
(2, 8, 1, '2024-11-17 18:13:27'),
(2, 9, 1, '2024-11-17 18:13:27'),
(2, 10, 1, '2024-11-17 18:13:27'),
(2, 11, 1, '2024-11-17 18:13:27'),
(2, 12, 1, '2024-11-17 18:13:27'),
(2, 13, 1, '2024-11-17 18:13:27'),
(2, 14, 1, '2024-11-17 18:13:27'),
(2, 15, 1, '2024-11-17 18:58:04'),
(2, 16, 0, '2024-11-17 18:58:04'),
(2, 17, 0, '2024-11-17 18:58:04'),
(2, 18, 0, '2024-11-17 18:58:04'),
(2, 19, 1, '2024-11-17 18:58:04'),
(2, 20, 1, '2024-11-17 18:58:04'),
(2, 21, 1, '2024-11-17 18:58:04'),
(2, 22, 1, '2024-11-17 18:58:04'),
(2, 23, 1, '2024-11-17 18:58:04'),
(2, 243, 1, '2024-11-17 17:12:09'),
(2, 244, 1, '2024-11-17 17:12:09'),
(2, 245, 1, '2024-11-17 17:12:09'),
(2, 246, 1, '2024-11-17 17:12:09'),
(2, 247, 1, '2024-11-17 17:12:09'),
(2, 248, 1, '2024-11-17 17:12:09'),
(2, 249, 1, '2024-11-17 17:12:09'),
(2, 250, 1, '2024-11-17 17:12:09'),
(2, 251, 1, '2024-11-17 17:12:09'),
(2, 252, 1, '2024-11-17 17:12:09'),
(2, 253, 1, '2024-11-17 17:17:19'),
(2, 254, 1, '2024-11-17 17:17:19'),
(2, 255, 1, '2024-11-17 17:17:19'),
(2, 256, 1, '2024-11-17 17:17:19'),
(2, 257, 1, '2024-11-17 17:17:19'),
(2, 258, 1, '2024-11-17 17:17:19'),
(2, 259, 1, '2024-11-17 17:17:19'),
(2, 260, 1, '2024-11-17 17:17:19'),
(2, 261, 0, '2024-11-17 17:17:19'),
(2, 262, 1, '2024-11-17 17:17:19'),
(2, 274, 1, '2024-11-17 18:46:34'),
(2, 275, 0, '2024-11-17 18:46:34'),
(2, 276, 0, '2024-11-17 18:46:34'),
(2, 277, 0, '2024-11-17 18:46:34'),
(2, 278, 0, '2024-11-17 18:46:34'),
(2, 279, 0, '2024-11-17 18:46:34'),
(2, 280, 0, '2024-11-17 18:46:34'),
(2, 281, 0, '2024-11-17 18:46:34'),
(2, 282, 1, '2024-11-17 18:46:34'),
(2, 283, 1, '2024-11-17 18:46:34'),
(2, 289, 1, '2024-11-17 18:44:22'),
(2, 290, 1, '2024-11-17 18:44:22'),
(2, 291, 0, '2024-11-17 18:44:22'),
(2, 292, 0, '2024-11-17 18:44:22'),
(2, 293, 1, '2024-11-17 18:44:22'),
(2, 294, 1, '2024-11-17 18:44:22'),
(2, 295, 1, '2024-11-17 18:44:22'),
(2, 296, 1, '2024-11-17 18:44:22'),
(2, 297, 1, '2024-11-17 18:44:22'),
(2, 298, 0, '2024-11-17 18:44:22'),
(2, 311, 1, '2024-11-17 18:54:25'),
(2, 312, 1, '2024-11-17 18:54:25'),
(2, 313, 1, '2024-11-17 18:54:25'),
(2, 314, 1, '2024-11-17 18:54:25'),
(2, 315, 1, '2024-11-17 18:54:25'),
(2, 316, 1, '2024-11-17 18:54:25'),
(2, 317, 1, '2024-11-17 18:54:25'),
(2, 318, 1, '2024-11-17 18:54:25'),
(2, 319, 1, '2024-11-17 18:54:25'),
(2, 320, 1, '2024-11-17 18:54:25'),
(2, 321, 1, '2024-11-17 19:37:18'),
(2, 322, 0, '2024-11-17 19:37:18'),
(2, 323, 1, '2024-11-17 19:37:18'),
(2, 324, 0, '2024-11-17 19:37:18'),
(2, 325, 1, '2024-11-17 19:37:18'),
(2, 326, 0, '2024-11-17 19:37:18'),
(2, 327, 1, '2024-11-17 19:37:18'),
(2, 328, 0, '2024-11-17 19:37:18'),
(2, 329, 0, '2024-11-17 19:37:18'),
(2, 330, 0, '2024-11-17 19:37:18');

-- --------------------------------------------------------

--
-- Estrutura para tabela `user_progress`
--

CREATE TABLE `user_progress` (
  `user_id` int(11) NOT NULL,
  `subject` varchar(50) NOT NULL,
  `attempted` int(11) DEFAULT 0,
  `correct` int(11) DEFAULT 0,
  `xp_earned` int(11) DEFAULT 0,
  `last_attempted` timestamp NOT NULL DEFAULT current_timestamp(),
  `difficulty` enum('easy','medium','hard') DEFAULT NULL
) ENGINE=InnoDB DEFAULT CHARSET=utf8mb4 COLLATE=utf8mb4_general_ci;

--
-- Despejando dados para a tabela `user_progress`
--

INSERT INTO `user_progress` (`user_id`, `subject`, `attempted`, `correct`, `xp_earned`, `last_attempted`, `difficulty`) VALUES
(1, 'Grandezas', 10, 8, 1300, '2024-11-17 14:22:06', NULL),
(1, 'Grandezas', 10, 8, 1300, '2024-11-17 14:22:06', NULL),
(1, 'Grandezas', 10, 8, 1300, '2024-11-17 14:22:06', NULL),
(1, 'Grandezas', 10, 8, 1300, '2024-11-17 14:22:06', NULL),
(1, 'Grandezas', 10, 8, 1300, '2024-11-17 14:22:06', NULL),
(1, 'Grandezas', 10, 8, 1300, '2024-11-17 14:22:06', NULL),
(1, 'Grandezas', 10, 8, 1300, '2024-11-17 14:22:06', NULL),
(1, 'Grandezas', 10, 8, 1300, '2024-11-17 14:22:06', NULL),
(1, 'Grandezas', 10, 8, 1300, '2024-11-17 14:22:06', NULL),
(1, 'Grandezas', 10, 8, 1300, '2024-11-17 14:22:06', NULL),
(1, 'Grandezas', 10, 8, 1300, '2024-11-17 14:22:06', NULL),
(1, 'Grandezas', 10, 8, 1300, '2024-11-17 14:22:06', NULL),
(1, 'Grandezas', 10, 8, 1300, '2024-11-17 14:22:06', NULL),
(1, 'Grandezas', 10, 8, 1300, '2024-11-17 14:22:06', NULL),
(1, 'Grandezas', 10, 8, 1300, '2024-11-17 14:22:06', NULL),
(1, 'Grandezas', 10, 8, 1300, '2024-11-17 14:22:06', NULL),
(1, 'Grandezas', 10, 8, 1300, '2024-11-17 14:22:06', NULL),
(1, 'Grandezas', 10, 8, 1300, '2024-11-17 14:22:06', NULL),
(1, 'Grandezas', 10, 8, 1300, '2024-11-17 14:22:06', NULL),
(1, 'Grandezas', 10, 8, 1300, '2024-11-17 14:22:06', NULL),
(1, 'Grandezas', 10, 8, 1300, '2024-11-17 14:22:06', NULL),
(1, 'Grandezas', 10, 8, 1300, '2024-11-17 14:22:06', NULL),
(1, 'Grandezas', 10, 8, 1300, '2024-11-17 14:22:06', NULL),
(1, 'Grandezas', 10, 8, 1300, '2024-11-17 14:22:06', NULL),
(1, 'Grandezas', 10, 8, 1300, '2024-11-17 14:22:06', NULL),
(1, 'Grandezas', 10, 8, 1300, '2024-11-17 14:22:06', NULL),
(1, 'Grandezas', 10, 8, 1300, '2024-11-17 14:22:06', NULL),
(1, 'Grandezas', 10, 8, 1300, '2024-11-17 14:22:06', NULL),
(1, 'Grandezas', 10, 8, 1300, '2024-11-17 14:22:06', NULL),
(1, 'Grandezas', 10, 8, 1300, '2024-11-17 14:22:06', NULL),
(1, 'Grandezas', 10, 8, 1300, '2024-11-17 14:22:06', NULL),
(1, 'Grandezas', 10, 8, 1300, '2024-11-17 14:22:06', NULL),
(1, 'Grandezas', 10, 8, 1300, '2024-11-17 14:22:06', NULL),
(1, 'Grandezas', 10, 8, 1300, '2024-11-17 14:22:06', NULL),
(1, 'Grandezas', 10, 8, 1300, '2024-11-17 14:22:06', NULL),
(1, 'Grandezas', 10, 8, 1300, '2024-11-17 14:22:06', NULL),
(1, 'Grandezas', 10, 8, 1300, '2024-11-17 14:22:06', NULL),
(1, 'Grandezas', 10, 8, 1300, '2024-11-17 14:22:06', NULL),
(1, 'Grandezas', 10, 8, 1300, '2024-11-17 14:22:06', NULL),
(1, 'Grandezas', 10, 8, 1300, '2024-11-17 14:22:06', NULL),
(1, 'Grandezas', 10, 8, 1300, '2024-11-17 14:22:06', NULL),
(1, 'Grandezas', 10, 8, 1300, '2024-11-17 14:22:06', NULL),
(1, 'Grandezas', 10, 8, 1300, '2024-11-17 14:22:06', NULL),
(1, 'Grandezas', 10, 8, 1300, '2024-11-17 14:22:06', NULL),
(1, 'Grandezas', 10, 8, 1300, '2024-11-17 14:22:06', NULL),
(1, 'Grandezas', 10, 8, 1300, '2024-11-17 14:22:06', NULL),
(1, 'Grandezas', 10, 8, 1300, '2024-11-17 14:22:06', NULL),
(1, 'Grandezas', 10, 8, 1300, '2024-11-17 14:22:06', NULL),
(1, 'Grandezas', 10, 8, 1300, '2024-11-17 14:22:06', NULL),
(1, 'Grandezas', 10, 8, 1300, '2024-11-17 14:22:06', NULL),
(1, 'Grandezas', 10, 8, 1300, '2024-11-17 14:22:06', NULL),
(1, 'Grandezas', 10, 8, 1300, '2024-11-17 14:22:06', NULL),
(1, 'Grandezas', 10, 8, 1300, '2024-11-17 14:22:06', NULL),
(1, 'Grandezas', 10, 8, 1300, '2024-11-17 14:22:06', NULL),
(1, 'Grandezas', 10, 8, 1300, '2024-11-17 14:22:06', NULL),
(1, 'Grandezas', 10, 8, 1300, '2024-11-17 14:22:06', NULL),
(1, 'Grandezas', 10, 8, 1300, '2024-11-17 14:22:06', NULL),
(1, 'Grandezas', 10, 8, 1300, '2024-11-17 14:22:06', NULL),
(1, 'Grandezas', 10, 8, 1300, '2024-11-17 14:22:06', NULL),
(1, 'Grandezas', 10, 8, 1300, '2024-11-17 14:22:06', NULL),
(1, 'Grandezas', 10, 8, 1300, '2024-11-17 14:22:06', NULL),
(1, 'Grandezas', 10, 8, 1300, '2024-11-17 14:22:06', NULL),
(1, 'Grandezas', 10, 8, 1300, '2024-11-17 14:22:06', NULL),
(1, 'Grandezas', 10, 8, 1300, '2024-11-17 14:22:06', NULL),
(1, 'Grandezas', 10, 8, 1300, '2024-11-17 14:22:06', NULL),
(1, 'Grandezas', 10, 8, 1300, '2024-11-17 14:22:06', NULL),
(1, 'Grandezas', 10, 8, 1300, '2024-11-17 14:22:06', NULL),
(1, 'Grandezas', 10, 8, 1300, '2024-11-17 14:22:06', NULL),
(1, 'Grandezas', 10, 8, 1300, '2024-11-17 14:22:06', NULL),
(1, 'Grandezas', 10, 8, 1300, '2024-11-17 14:22:06', NULL),
(1, 'Grandezas', 10, 8, 1300, '2024-11-17 14:22:06', NULL),
(1, 'Grandezas', 10, 8, 1300, '2024-11-17 14:22:06', NULL),
(1, 'Grandezas', 10, 8, 1300, '2024-11-17 14:22:06', NULL),
(1, 'Grandezas', 10, 8, 1300, '2024-11-17 14:22:06', NULL),
(1, 'Grandezas', 10, 8, 1300, '2024-11-17 14:22:06', NULL),
(1, 'Grandezas', 10, 8, 1300, '2024-11-17 14:22:06', NULL),
(1, 'Grandezas', 10, 8, 1300, '2024-11-17 14:22:06', NULL),
(1, 'Grandezas', 10, 8, 1300, '2024-11-17 14:22:06', NULL),
(1, 'Grandezas', 10, 8, 1300, '2024-11-17 14:22:06', NULL),
(1, 'Grandezas', 10, 8, 1300, '2024-11-17 14:22:06', NULL),
(1, 'Grandezas', 10, 8, 1300, '2024-11-17 14:22:06', NULL),
(1, 'Grandezas', 10, 8, 1300, '2024-11-17 14:22:06', NULL),
(1, 'Grandezas', 10, 8, 1300, '2024-11-17 14:22:06', NULL),
(1, 'Grandezas', 10, 8, 1300, '2024-11-17 14:22:06', NULL),
(1, 'Grandezas', 10, 8, 1300, '2024-11-17 14:22:06', NULL),
(1, 'Grandezas', 10, 8, 1300, '2024-11-17 14:22:06', NULL),
(1, 'Grandezas', 10, 8, 1300, '2024-11-17 14:22:06', NULL),
(1, 'Grandezas', 10, 8, 1300, '2024-11-17 14:22:06', NULL),
(1, 'Grandezas', 10, 8, 1300, '2024-11-17 14:22:06', NULL),
(1, 'Grandezas', 10, 8, 1300, '2024-11-17 14:22:06', NULL),
(1, 'Grandezas', 10, 8, 1300, '2024-11-17 14:22:06', NULL),
(1, 'Grandezas', 10, 8, 1300, '2024-11-17 14:22:06', NULL),
(1, 'Grandezas', 10, 8, 1300, '2024-11-17 14:22:06', NULL),
(1, 'Grandezas', 10, 8, 1300, '2024-11-17 14:22:06', NULL),
(1, 'Grandezas', 10, 8, 1300, '2024-11-17 14:22:06', NULL),
(1, 'Grandezas', 10, 8, 1300, '2024-11-17 14:22:06', NULL),
(1, 'Grandezas', 10, 8, 1300, '2024-11-17 14:22:06', NULL),
(1, 'Grandezas', 10, 8, 1300, '2024-11-17 14:22:06', NULL),
(1, 'Grandezas', 10, 8, 1300, '2024-11-17 14:22:06', NULL),
(1, 'Grandezas', 10, 8, 1300, '2024-11-17 14:22:06', NULL),
(1, 'Grandezas', 10, 8, 1300, '2024-11-17 14:22:06', NULL),
(1, 'Grandezas', 10, 8, 1300, '2024-11-17 14:22:06', NULL),
(1, 'Grandezas', 10, 8, 1300, '2024-11-17 14:22:06', NULL),
(1, 'Grandezas', 10, 8, 1300, '2024-11-17 14:22:06', NULL),
(1, 'Grandezas', 10, 8, 1300, '2024-11-17 14:22:06', NULL),
(1, 'Grandezas', 10, 8, 1300, '2024-11-17 14:22:06', NULL),
(1, 'Grandezas', 10, 8, 1300, '2024-11-17 14:22:06', NULL),
(1, 'Grandezas', 10, 8, 1300, '2024-11-17 14:22:06', NULL),
(1, 'Grandezas', 10, 8, 1300, '2024-11-17 14:22:06', NULL),
(1, 'Grandezas', 10, 8, 1300, '2024-11-17 14:22:06', NULL),
(1, 'Grandezas', 10, 8, 1300, '2024-11-17 14:22:06', NULL),
(1, 'Grandezas', 10, 8, 1300, '2024-11-17 14:22:06', NULL),
(1, 'Grandezas', 10, 8, 1300, '2024-11-17 14:22:06', NULL),
(1, 'Grandezas', 10, 8, 1300, '2024-11-17 14:22:06', NULL),
(1, 'Grandezas', 10, 8, 1300, '2024-11-17 14:22:06', NULL),
(1, 'Grandezas', 10, 8, 1300, '2024-11-17 14:22:06', NULL),
(1, 'Grandezas', 10, 8, 1300, '2024-11-17 14:22:06', NULL),
(1, 'Grandezas', 10, 8, 1300, '2024-11-17 14:22:06', NULL),
(1, 'Grandezas', 10, 8, 1300, '2024-11-17 14:22:06', NULL),
(1, 'Grandezas', 10, 8, 1300, '2024-11-17 14:22:06', NULL),
(1, 'Grandezas', 10, 8, 1300, '2024-11-17 14:22:06', NULL),
(1, 'Grandezas', 10, 8, 1300, '2024-11-17 14:22:06', NULL),
(1, 'Grandezas', 10, 8, 1300, '2024-11-17 14:22:06', NULL),
(1, 'Grandezas', 10, 8, 1300, '2024-11-17 14:22:06', NULL),
(1, 'Grandezas', 10, 8, 1300, '2024-11-17 14:22:06', NULL),
(1, 'Grandezas', 10, 8, 1300, '2024-11-17 14:22:06', NULL),
(1, 'Grandezas', 10, 8, 1300, '2024-11-17 14:22:06', NULL),
(1, 'Grandezas', 10, 8, 1300, '2024-11-17 14:22:06', NULL),
(1, 'Grandezas', 10, 8, 1300, '2024-11-17 14:22:06', NULL),
(1, 'Grandezas', 10, 8, 1300, '2024-11-17 14:22:06', NULL),
(1, 'Grandezas', 10, 8, 1300, '2024-11-17 14:22:06', NULL),
(1, 'Grandezas', 10, 8, 1300, '2024-11-17 14:22:06', NULL),
(1, 'Grandezas', 10, 8, 1300, '2024-11-17 14:22:06', NULL),
(1, 'Grandezas', 10, 8, 1300, '2024-11-17 14:22:06', NULL),
(1, 'Grandezas', 10, 8, 1300, '2024-11-17 14:22:06', NULL),
(1, 'Grandezas', 10, 8, 1300, '2024-11-17 14:22:06', NULL),
(1, 'Grandezas', 10, 8, 1300, '2024-11-17 14:22:06', NULL),
(1, 'Grandezas', 10, 8, 1300, '2024-11-17 14:22:06', NULL),
(1, 'Grandezas', 10, 8, 1300, '2024-11-17 14:22:06', NULL),
(1, 'Grandezas', 10, 8, 1300, '2024-11-17 14:22:06', NULL),
(1, 'Grandezas', 10, 8, 1300, '2024-11-17 14:22:06', NULL),
(1, 'Grandezas', 10, 8, 1300, '2024-11-17 14:22:06', NULL),
(1, 'Grandezas', 10, 8, 1300, '2024-11-17 14:22:06', NULL),
(1, 'Grandezas', 10, 8, 1300, '2024-11-17 14:22:06', NULL),
(1, 'Grandezas', 10, 8, 1300, '2024-11-17 14:22:06', NULL),
(1, 'Grandezas', 10, 8, 1300, '2024-11-17 14:22:06', NULL),
(1, 'Grandezas', 10, 8, 1300, '2024-11-17 14:22:06', NULL),
(1, 'Grandezas', 10, 8, 1300, '2024-11-17 14:22:06', NULL),
(1, 'Grandezas', 10, 8, 1300, '2024-11-17 14:22:06', NULL),
(1, 'Grandezas', 10, 8, 1300, '2024-11-17 14:22:06', NULL),
(1, 'Grandezas', 10, 8, 1300, '2024-11-17 14:22:06', NULL),
(1, 'Grandezas', 10, 8, 1300, '2024-11-17 14:22:06', NULL),
(1, 'Grandezas', 10, 8, 1300, '2024-11-17 14:22:06', NULL),
(1, 'Grandezas', 10, 8, 1300, '2024-11-17 14:22:06', NULL),
(1, 'Grandezas', 10, 8, 1300, '2024-11-17 14:22:06', NULL),
(1, 'Grandezas', 10, 8, 1300, '2024-11-17 14:22:06', NULL),
(1, 'Grandezas', 10, 8, 1300, '2024-11-17 14:22:06', NULL),
(1, 'Grandezas', 10, 8, 1300, '2024-11-17 14:22:06', NULL),
(1, 'Grandezas', 10, 8, 1300, '2024-11-17 14:22:06', NULL),
(1, 'Grandezas', 10, 8, 1300, '2024-11-17 14:22:06', NULL),
(1, 'Grandezas', 10, 8, 1300, '2024-11-17 14:22:06', NULL),
(1, 'Grandezas', 10, 8, 1300, '2024-11-17 14:22:06', NULL),
(1, 'Grandezas', 10, 8, 1300, '2024-11-17 14:22:06', NULL),
(1, 'Grandezas', 10, 8, 1300, '2024-11-17 14:22:06', NULL),
(1, 'Grandezas', 10, 8, 1300, '2024-11-17 14:22:06', NULL),
(1, 'Grandezas', 10, 8, 1300, '2024-11-17 14:22:06', NULL),
(1, 'Grandezas', 10, 8, 1300, '2024-11-17 14:22:06', NULL),
(1, 'Grandezas', 10, 8, 1300, '2024-11-17 14:22:06', NULL),
(1, 'Grandezas', 10, 8, 1300, '2024-11-17 14:22:06', NULL),
(1, 'Grandezas', 10, 8, 1300, '2024-11-17 14:22:06', NULL),
(1, 'Grandezas', 10, 8, 1300, '2024-11-17 14:22:06', NULL),
(1, 'Grandezas', 10, 8, 1300, '2024-11-17 14:22:06', NULL),
(1, 'Grandezas', 10, 8, 1300, '2024-11-17 14:22:06', NULL),
(1, 'Grandezas', 10, 8, 1300, '2024-11-17 14:22:06', NULL),
(1, 'Grandezas', 10, 8, 1300, '2024-11-17 14:22:06', NULL),
(1, 'Grandezas', 10, 8, 1300, '2024-11-17 14:22:06', NULL),
(1, 'Grandezas', 10, 8, 1300, '2024-11-17 14:22:06', NULL),
(1, 'Grandezas', 10, 8, 1300, '2024-11-17 14:22:06', NULL),
(1, 'Grandezas', 10, 8, 1300, '2024-11-17 14:22:06', NULL),
(1, 'Grandezas', 10, 8, 1300, '2024-11-17 14:22:06', NULL),
(1, 'Grandezas', 10, 8, 1300, '2024-11-17 14:22:06', NULL),
(1, 'Grandezas', 10, 8, 1300, '2024-11-17 14:22:06', NULL),
(1, 'Grandezas', 10, 8, 1300, '2024-11-17 14:22:06', NULL),
(1, 'Grandezas', 10, 8, 1300, '2024-11-17 14:22:06', NULL),
(1, 'Grandezas', 10, 8, 1300, '2024-11-17 14:22:06', NULL),
(1, 'Grandezas', 10, 8, 1300, '2024-11-17 14:22:06', NULL),
(1, 'Grandezas', 10, 8, 1300, '2024-11-17 14:22:06', NULL),
(1, 'Grandezas', 10, 8, 1300, '2024-11-17 14:22:06', NULL),
(1, 'Grandezas', 10, 8, 1300, '2024-11-17 14:22:06', NULL),
(1, 'Grandezas', 10, 8, 1300, '2024-11-17 14:22:06', NULL),
(1, 'Grandezas', 10, 8, 1300, '2024-11-17 14:22:06', NULL),
(1, 'Grandezas', 10, 8, 1300, '2024-11-17 14:22:06', NULL),
(1, 'Grandezas', 10, 8, 1300, '2024-11-17 14:22:06', NULL),
(1, 'Grandezas', 10, 8, 1300, '2024-11-17 14:22:06', NULL),
(1, 'Grandezas', 10, 8, 1300, '2024-11-17 14:22:06', NULL),
(1, 'Grandezas', 10, 8, 1300, '2024-11-17 14:22:06', NULL),
(1, 'Grandezas', 10, 8, 1300, '2024-11-17 14:22:06', NULL),
(1, 'Grandezas', 10, 8, 1300, '2024-11-17 14:22:06', NULL),
(1, 'Grandezas', 10, 8, 1300, '2024-11-17 14:22:06', NULL),
(1, 'Grandezas', 10, 8, 1300, '2024-11-17 14:22:06', NULL),
(1, 'Grandezas', 10, 8, 1300, '2024-11-17 14:22:06', NULL),
(1, 'Grandezas', 10, 8, 1300, '2024-11-17 14:22:06', NULL),
(1, 'Grandezas', 10, 8, 1300, '2024-11-17 14:22:06', NULL),
(1, 'Grandezas', 10, 8, 1300, '2024-11-17 14:22:06', NULL),
(1, 'Grandezas', 10, 8, 1300, '2024-11-17 14:22:06', NULL),
(1, 'Grandezas', 10, 8, 1300, '2024-11-17 14:22:06', NULL),
(1, 'Grandezas', 10, 8, 1300, '2024-11-17 14:22:06', NULL),
(1, 'Grandezas', 10, 8, 1300, '2024-11-17 14:22:06', NULL),
(1, 'Grandezas', 10, 8, 1300, '2024-11-17 14:22:06', NULL),
(1, 'Grandezas', 10, 8, 1300, '2024-11-17 14:22:06', NULL),
(1, 'Grandezas', 10, 8, 1300, '2024-11-17 14:22:06', NULL),
(1, 'Grandezas', 10, 8, 1300, '2024-11-17 14:22:06', NULL),
(1, 'Grandezas', 10, 8, 1300, '2024-11-17 14:22:06', NULL),
(1, 'Grandezas', 10, 8, 1300, '2024-11-17 14:22:06', NULL),
(1, 'Grandezas', 10, 8, 1300, '2024-11-17 14:22:06', NULL),
(1, 'Grandezas', 10, 8, 1300, '2024-11-17 14:22:06', NULL),
(1, 'Grandezas', 10, 8, 1300, '2024-11-17 14:22:06', NULL),
(1, 'Grandezas', 10, 8, 1300, '2024-11-17 14:22:06', NULL),
(1, 'Grandezas', 10, 8, 1300, '2024-11-17 14:22:06', NULL),
(1, 'Grandezas', 10, 8, 1300, '2024-11-17 14:22:06', NULL),
(1, 'Grandezas', 10, 8, 1300, '2024-11-17 14:22:06', NULL),
(1, 'Grandezas', 10, 8, 1300, '2024-11-17 14:22:06', NULL),
(1, 'Grandezas', 10, 8, 1300, '2024-11-17 14:22:06', NULL),
(1, 'Grandezas', 10, 8, 1300, '2024-11-17 14:22:06', NULL),
(1, 'Grandezas', 10, 8, 1300, '2024-11-17 14:22:06', NULL),
(1, 'Grandezas', 10, 8, 1300, '2024-11-17 14:22:06', NULL),
(1, 'Grandezas', 10, 8, 1300, '2024-11-17 14:22:06', NULL),
(1, 'Grandezas', 10, 8, 1300, '2024-11-17 14:22:06', NULL),
(1, 'Grandezas', 10, 8, 1300, '2024-11-17 14:22:06', NULL),
(1, 'Grandezas', 10, 8, 1300, '2024-11-17 14:22:06', NULL),
(1, 'Grandezas', 10, 8, 1300, '2024-11-17 14:22:06', NULL),
(1, 'Grandezas', 10, 8, 1300, '2024-11-17 14:22:06', NULL),
(1, 'Grandezas', 10, 8, 1300, '2024-11-17 14:22:06', NULL),
(1, 'Grandezas', 10, 8, 1300, '2024-11-17 14:22:06', NULL),
(1, 'Grandezas', 10, 8, 1300, '2024-11-17 14:22:06', NULL),
(1, 'Grandezas', 10, 8, 1300, '2024-11-17 14:22:06', NULL),
(1, 'Grandezas', 10, 8, 1300, '2024-11-17 14:22:06', NULL),
(1, 'Grandezas', 10, 8, 1300, '2024-11-17 14:22:06', NULL),
(1, 'Grandezas', 10, 8, 1300, '2024-11-17 14:22:06', NULL),
(1, 'Grandezas', 10, 8, 1300, '2024-11-17 14:22:06', NULL),
(1, 'Grandezas', 10, 8, 1300, '2024-11-17 14:22:06', NULL),
(1, 'Grandezas', 10, 8, 1300, '2024-11-17 14:22:06', NULL),
(1, 'Grandezas', 10, 8, 1300, '2024-11-17 14:22:06', NULL),
(1, 'Grandezas', 10, 8, 1300, '2024-11-17 14:22:06', NULL),
(1, 'Grandezas', 10, 8, 1300, '2024-11-17 14:22:06', NULL),
(1, 'Grandezas', 10, 8, 1300, '2024-11-17 14:22:06', NULL),
(1, 'Grandezas', 10, 8, 1300, '2024-11-17 14:22:06', NULL),
(1, 'Grandezas', 10, 8, 1300, '2024-11-17 14:22:06', NULL),
(1, 'Grandezas', 10, 8, 1300, '2024-11-17 14:22:06', NULL),
(1, 'Grandezas', 10, 8, 1300, '2024-11-17 14:22:06', NULL),
(1, 'Grandezas', 10, 8, 1300, '2024-11-17 14:22:06', NULL),
(1, 'Grandezas', 10, 8, 1300, '2024-11-17 14:22:06', NULL),
(1, 'Grandezas', 10, 8, 1300, '2024-11-17 14:22:06', NULL),
(1, 'Grandezas', 10, 8, 1300, '2024-11-17 14:22:06', NULL),
(1, 'Grandezas', 10, 8, 1300, '2024-11-17 14:22:06', NULL),
(1, 'Grandezas', 10, 8, 1300, '2024-11-17 14:22:06', NULL),
(1, 'Grandezas', 10, 8, 1300, '2024-11-17 14:22:06', NULL),
(1, 'Grandezas', 10, 8, 1300, '2024-11-17 14:22:06', NULL),
(1, 'Grandezas', 10, 8, 1300, '2024-11-17 14:22:06', NULL),
(1, 'Grandezas', 10, 8, 1300, '2024-11-17 14:22:06', NULL),
(1, 'Grandezas', 10, 8, 1300, '2024-11-17 14:22:06', NULL),
(1, 'Grandezas', 10, 8, 1300, '2024-11-17 14:22:06', NULL),
(1, 'Grandezas', 10, 8, 1300, '2024-11-17 14:22:06', NULL),
(1, 'Grandezas', 10, 8, 1300, '2024-11-17 14:22:06', NULL),
(1, 'Grandezas', 10, 8, 1300, '2024-11-17 14:22:06', NULL),
(1, 'Grandezas', 10, 8, 1300, '2024-11-17 14:22:06', NULL),
(1, 'Grandezas', 10, 8, 1300, '2024-11-17 14:22:06', NULL),
(1, 'Grandezas', 10, 8, 1300, '2024-11-17 14:22:06', NULL),
(1, 'Grandezas', 10, 8, 1300, '2024-11-17 14:22:06', NULL),
(1, 'Grandezas', 10, 8, 1300, '2024-11-17 14:22:06', NULL),
(1, 'Grandezas', 10, 8, 1300, '2024-11-17 14:22:06', NULL),
(1, 'Grandezas', 10, 8, 1300, '2024-11-17 14:22:06', NULL),
(1, 'Grandezas', 10, 8, 1300, '2024-11-17 14:22:06', NULL),
(1, 'Grandezas', 10, 8, 1300, '2024-11-17 14:22:06', NULL),
(1, 'Grandezas', 10, 8, 1300, '2024-11-17 14:22:06', NULL),
(1, 'Grandezas', 10, 8, 1300, '2024-11-17 14:22:06', NULL),
(1, 'Grandezas', 10, 8, 1300, '2024-11-17 14:22:06', NULL),
(1, 'Grandezas', 10, 8, 1300, '2024-11-17 14:22:06', NULL),
(1, 'Grandezas', 10, 8, 1300, '2024-11-17 14:22:06', NULL),
(1, 'Grandezas', 10, 8, 1300, '2024-11-17 14:22:06', NULL),
(1, 'Grandezas', 10, 8, 1300, '2024-11-17 14:22:06', NULL),
(1, 'Grandezas', 10, 8, 1300, '2024-11-17 14:22:06', NULL),
(1, 'Grandezas', 10, 8, 1300, '2024-11-17 14:22:06', NULL),
(1, 'Grandezas', 10, 8, 1300, '2024-11-17 14:22:06', NULL),
(1, 'Grandezas', 10, 8, 1300, '2024-11-17 14:22:06', NULL),
(1, 'Grandezas', 10, 8, 1300, '2024-11-17 14:22:06', NULL),
(1, 'Grandezas', 10, 8, 1300, '2024-11-17 14:22:06', NULL),
(1, 'Grandezas', 10, 8, 1300, '2024-11-17 14:22:06', NULL),
(1, 'Grandezas', 10, 8, 1300, '2024-11-17 14:22:06', NULL),
(1, 'Grandezas', 10, 8, 1300, '2024-11-17 14:22:06', NULL),
(1, 'Grandezas', 10, 8, 1300, '2024-11-17 14:22:06', NULL),
(1, 'Grandezas', 10, 8, 1300, '2024-11-17 14:22:06', NULL),
(1, 'Grandezas', 10, 8, 1300, '2024-11-17 14:22:06', NULL),
(1, 'Grandezas', 10, 8, 1300, '2024-11-17 14:22:06', NULL),
(1, 'Grandezas', 10, 8, 1300, '2024-11-17 14:22:06', NULL),
(1, 'Grandezas', 10, 8, 1300, '2024-11-17 14:22:06', NULL),
(1, 'Grandezas', 10, 8, 1300, '2024-11-17 14:22:06', NULL),
(1, 'Grandezas', 10, 8, 1300, '2024-11-17 14:22:06', NULL),
(1, 'Grandezas', 10, 8, 1300, '2024-11-17 14:22:06', NULL),
(1, 'Grandezas', 10, 8, 1300, '2024-11-17 14:22:06', NULL),
(1, 'Grandezas', 10, 8, 1300, '2024-11-17 14:22:06', NULL),
(1, 'Grandezas', 10, 8, 1300, '2024-11-17 14:22:06', NULL),
(1, 'Grandezas', 10, 8, 1300, '2024-11-17 14:22:06', NULL),
(1, 'Grandezas', 10, 8, 1300, '2024-11-17 14:22:06', NULL),
(1, 'Grandezas', 10, 8, 1300, '2024-11-17 14:22:06', NULL),
(1, 'Grandezas', 10, 8, 1300, '2024-11-17 14:22:06', NULL),
(1, 'Grandezas', 10, 8, 1300, '2024-11-17 14:22:06', NULL),
(1, 'Grandezas', 10, 8, 1300, '2024-11-17 14:22:06', NULL),
(1, 'Grandezas', 10, 8, 1300, '2024-11-17 14:22:06', NULL),
(1, 'Grandezas', 10, 8, 1300, '2024-11-17 14:22:06', NULL),
(1, 'Grandezas', 10, 8, 1300, '2024-11-17 14:22:06', NULL),
(1, 'Grandezas', 10, 8, 1300, '2024-11-17 14:22:06', NULL),
(1, 'Grandezas', 10, 8, 1300, '2024-11-17 14:22:06', NULL),
(1, 'Grandezas', 10, 8, 1300, '2024-11-17 14:22:06', NULL),
(1, 'Grandezas', 10, 8, 1300, '2024-11-17 14:22:06', NULL),
(1, 'Grandezas', 10, 8, 1300, '2024-11-17 14:22:06', NULL),
(1, 'Grandezas', 10, 8, 1300, '2024-11-17 14:22:06', NULL),
(1, 'Grandezas', 10, 8, 1300, '2024-11-17 14:22:06', NULL),
(1, 'Grandezas', 10, 8, 1300, '2024-11-17 14:22:06', NULL),
(1, 'Grandezas', 10, 8, 1300, '2024-11-17 14:22:06', NULL),
(1, 'Grandezas', 10, 8, 1300, '2024-11-17 14:22:06', NULL),
(1, 'Grandezas', 10, 8, 1300, '2024-11-17 14:22:06', NULL),
(1, 'Grandezas', 10, 8, 1300, '2024-11-17 14:22:06', NULL),
(1, 'Grandezas', 10, 8, 1300, '2024-11-17 14:22:06', NULL),
(1, 'Grandezas', 10, 8, 1300, '2024-11-17 14:22:06', NULL),
(1, 'Grandezas', 10, 8, 1300, '2024-11-17 14:22:06', NULL),
(1, 'Grandezas', 10, 8, 1300, '2024-11-17 14:22:06', NULL),
(1, 'Grandezas', 10, 8, 1300, '2024-11-17 14:22:06', NULL),
(1, 'Grandezas', 10, 8, 1300, '2024-11-17 14:22:06', NULL),
(1, 'Grandezas', 10, 8, 1300, '2024-11-17 14:22:06', NULL),
(1, 'Grandezas', 10, 8, 1300, '2024-11-17 14:22:06', NULL),
(1, 'Grandezas', 10, 8, 1300, '2024-11-17 14:22:06', NULL),
(1, 'Grandezas', 10, 8, 1300, '2024-11-17 14:22:06', NULL),
(1, 'Grandezas', 10, 8, 1300, '2024-11-17 14:22:06', NULL),
(1, 'Grandezas', 10, 8, 1300, '2024-11-17 14:22:06', NULL),
(1, 'Grandezas', 10, 8, 1300, '2024-11-17 14:22:06', NULL),
(1, 'Grandezas', 10, 8, 1300, '2024-11-17 14:22:06', NULL),
(1, 'Grandezas', 10, 8, 1300, '2024-11-17 14:22:06', NULL),
(1, 'Grandezas', 10, 8, 1300, '2024-11-17 14:22:06', NULL),
(1, 'Grandezas', 10, 8, 1300, '2024-11-17 14:22:06', NULL),
(1, 'Grandezas', 10, 8, 1300, '2024-11-17 14:22:06', NULL),
(1, 'Grandezas', 10, 8, 1300, '2024-11-17 14:22:06', NULL),
(1, 'Grandezas', 10, 8, 1300, '2024-11-17 14:22:06', NULL),
(1, 'Grandezas', 10, 8, 1300, '2024-11-17 14:22:06', NULL),
(1, 'Grandezas', 10, 8, 1300, '2024-11-17 14:22:06', NULL),
(1, 'Grandezas', 10, 8, 1300, '2024-11-17 14:22:06', NULL),
(1, 'Grandezas', 10, 8, 1300, '2024-11-17 14:22:06', NULL),
(1, 'Grandezas', 10, 8, 1300, '2024-11-17 14:22:06', NULL),
(1, 'Grandezas', 10, 8, 1300, '2024-11-17 14:22:06', NULL),
(1, 'Grandezas', 10, 8, 1300, '2024-11-17 14:22:06', NULL),
(1, 'Grandezas', 10, 8, 1300, '2024-11-17 14:22:06', NULL),
(1, 'Grandezas', 10, 8, 1300, '2024-11-17 14:22:06', NULL),
(1, 'Grandezas', 10, 8, 1300, '2024-11-17 14:22:06', NULL),
(1, 'Grandezas', 10, 8, 1300, '2024-11-17 14:22:06', NULL),
(1, 'Grandezas', 10, 8, 1300, '2024-11-17 14:22:06', NULL),
(1, 'Grandezas', 10, 8, 1300, '2024-11-17 14:22:06', NULL),
(1, 'Grandezas', 10, 8, 1300, '2024-11-17 14:22:06', NULL),
(1, 'Grandezas', 10, 8, 1300, '2024-11-17 14:22:06', NULL),
(1, 'Grandezas', 10, 8, 1300, '2024-11-17 14:22:06', NULL),
(1, 'Grandezas', 10, 8, 1300, '2024-11-17 14:22:06', NULL),
(1, 'Grandezas', 10, 8, 1300, '2024-11-17 14:22:06', NULL),
(1, 'Grandezas', 10, 8, 1300, '2024-11-17 14:22:06', NULL),
(1, 'Grandezas', 10, 8, 1300, '2024-11-17 14:22:06', NULL),
(1, 'Grandezas', 10, 8, 1300, '2024-11-17 14:22:06', NULL),
(1, 'Grandezas', 10, 8, 1300, '2024-11-17 14:22:06', NULL),
(1, 'Estatistica', 9, 6, 950, '2024-11-17 14:26:36', NULL),
(1, 'Estatistica', 9, 6, 950, '2024-11-17 14:26:36', NULL),
(1, 'Estatistica', 9, 6, 950, '2024-11-17 14:26:36', NULL),
(1, 'Estatistica', 9, 6, 950, '2024-11-17 14:26:36', NULL),
(1, 'Estatistica', 9, 6, 950, '2024-11-17 14:26:36', NULL),
(1, 'Estatistica', 9, 6, 950, '2024-11-17 14:26:36', NULL),
(1, 'Estatistica', 9, 6, 950, '2024-11-17 14:26:36', NULL),
(1, 'Estatistica', 9, 6, 950, '2024-11-17 14:26:36', NULL),
(1, 'Estatistica', 9, 6, 950, '2024-11-17 14:26:36', NULL),
(1, 'Grandezas', 10, 8, 1300, '2024-11-17 14:22:06', NULL),
(1, 'Grandezas', 10, 8, 1300, '2024-11-17 14:22:06', NULL),
(1, 'Grandezas', 10, 8, 1300, '2024-11-17 14:22:06', NULL),
(1, 'Grandezas', 10, 8, 1300, '2024-11-17 14:22:06', NULL),
(1, 'Grandezas', 10, 8, 1300, '2024-11-17 14:22:06', NULL),
(1, 'Grandezas', 10, 8, 1300, '2024-11-17 14:22:06', NULL),
(1, 'Grandezas', 10, 8, 1300, '2024-11-17 14:22:06', NULL),
(1, 'Grandezas', 10, 8, 1300, '2024-11-17 14:22:06', NULL),
(1, 'Grandezas', 10, 8, 1300, '2024-11-17 14:22:06', NULL),
(1, 'Grandezas', 10, 8, 1300, '2024-11-17 14:22:06', NULL),
(1, 'Estatistica', 9, 6, 950, '2024-11-17 14:26:36', NULL),
(1, 'Estatistica', 9, 6, 950, '2024-11-17 14:26:36', NULL),
(1, 'Estatistica', 9, 6, 950, '2024-11-17 14:26:36', NULL),
(1, 'Estatistica', 9, 6, 950, '2024-11-17 14:26:36', NULL),
(1, 'Estatistica', 9, 6, 950, '2024-11-17 14:26:36', NULL),
(1, 'Estatistica', 9, 6, 950, '2024-11-17 14:26:36', NULL),
(1, 'Estatistica', 9, 6, 950, '2024-11-17 14:26:36', NULL),
(1, 'Estatistica', 9, 6, 950, '2024-11-17 14:26:36', NULL),
(1, 'Estatistica', 9, 6, 950, '2024-11-17 14:26:36', NULL),
(1, 'Grandezas', 10, 8, 1300, '2024-11-17 14:22:06', NULL),
(1, 'Grandezas', 10, 8, 1300, '2024-11-17 14:22:06', NULL),
(1, 'Grandezas', 10, 8, 1300, '2024-11-17 14:22:06', NULL),
(1, 'Grandezas', 10, 8, 1300, '2024-11-17 14:22:06', NULL),
(1, 'Grandezas', 10, 8, 1300, '2024-11-17 14:22:06', NULL),
(1, 'Grandezas', 10, 8, 1300, '2024-11-17 14:22:06', NULL),
(1, 'Grandezas', 10, 8, 1300, '2024-11-17 14:22:06', NULL),
(1, 'Grandezas', 10, 8, 1300, '2024-11-17 14:22:06', NULL),
(1, 'Grandezas', 10, 8, 1300, '2024-11-17 14:22:06', NULL),
(1, 'Grandezas', 10, 8, 1300, '2024-11-17 14:22:06', NULL),
(1, 'Estatistica', 9, 6, 950, '2024-11-17 14:26:36', NULL),
(1, 'Estatistica', 9, 6, 950, '2024-11-17 14:26:36', NULL),
(1, 'Estatistica', 9, 6, 950, '2024-11-17 14:26:36', NULL),
(1, 'Estatistica', 9, 6, 950, '2024-11-17 14:26:36', NULL),
(1, 'Estatistica', 9, 6, 950, '2024-11-17 14:26:36', NULL),
(1, 'Estatistica', 9, 6, 950, '2024-11-17 14:26:36', NULL),
(1, 'Estatistica', 9, 6, 950, '2024-11-17 14:26:36', NULL),
(1, 'Estatistica', 9, 6, 950, '2024-11-17 14:26:36', NULL),
(1, 'Estatistica', 9, 6, 950, '2024-11-17 14:26:36', NULL),
(1, 'Grandezas', 10, 8, 1300, '2024-11-17 14:22:06', NULL),
(1, 'Grandezas', 10, 8, 1300, '2024-11-17 14:22:06', NULL),
(1, 'Grandezas', 10, 8, 1300, '2024-11-17 14:22:06', NULL),
(1, 'Grandezas', 10, 8, 1300, '2024-11-17 14:22:06', NULL),
(1, 'Grandezas', 10, 8, 1300, '2024-11-17 14:22:06', NULL),
(1, 'Grandezas', 10, 8, 1300, '2024-11-17 14:22:06', NULL),
(1, 'Grandezas', 10, 8, 1300, '2024-11-17 14:22:06', NULL),
(1, 'Grandezas', 10, 8, 1300, '2024-11-17 14:22:06', NULL),
(1, 'Grandezas', 10, 8, 1300, '2024-11-17 14:22:06', NULL),
(1, 'Grandezas', 10, 8, 1300, '2024-11-17 14:22:06', NULL),
(1, 'Estatística', 9, 6, 950, '2024-11-17 14:26:36', NULL),
(1, 'Estatística', 9, 6, 950, '2024-11-17 14:26:36', NULL),
(1, 'Estatística', 9, 6, 950, '2024-11-17 14:26:36', NULL),
(1, 'Estatística', 9, 6, 950, '2024-11-17 14:26:36', NULL),
(1, 'Estatística', 9, 6, 950, '2024-11-17 14:26:36', NULL),
(1, 'Estatística', 9, 6, 950, '2024-11-17 14:26:36', NULL),
(1, 'Estatística', 9, 6, 950, '2024-11-17 14:26:36', NULL),
(1, 'Estatística', 9, 6, 950, '2024-11-17 14:26:36', NULL),
(1, 'Estatística', 9, 6, 950, '2024-11-17 14:26:36', NULL),
(1, 'grandezas', 10, 8, 1300, '2024-11-17 14:22:06', NULL),
(1, 'grandezas', 10, 8, 1300, '2024-11-17 14:22:06', NULL),
(1, 'grandezas', 10, 8, 1300, '2024-11-17 14:22:06', NULL),
(1, 'grandezas', 10, 8, 1300, '2024-11-17 14:22:06', NULL),
(1, 'grandezas', 10, 8, 1300, '2024-11-17 14:22:06', NULL),
(1, 'grandezas', 10, 8, 1300, '2024-11-17 14:22:06', NULL),
(1, 'grandezas', 10, 8, 1300, '2024-11-17 14:22:06', NULL),
(1, 'grandezas', 10, 8, 1300, '2024-11-17 14:22:06', NULL),
(1, 'grandezas', 10, 8, 1300, '2024-11-17 14:22:06', NULL),
(1, 'grandezas', 10, 8, 1300, '2024-11-17 14:22:06', NULL),
(1, 'estatistica', 9, 6, 950, '2024-11-17 14:26:36', NULL),
(1, 'estatistica', 9, 6, 950, '2024-11-17 14:26:36', NULL),
(1, 'estatistica', 9, 6, 950, '2024-11-17 14:26:36', NULL),
(1, 'estatistica', 9, 6, 950, '2024-11-17 14:26:36', NULL),
(1, 'estatistica', 9, 6, 950, '2024-11-17 14:26:36', NULL),
(1, 'estatistica', 9, 6, 950, '2024-11-17 14:26:36', NULL),
(1, 'estatistica', 9, 6, 950, '2024-11-17 14:26:36', NULL),
(1, 'estatistica', 9, 6, 950, '2024-11-17 14:26:36', NULL),
(1, 'estatistica', 9, 6, 950, '2024-11-17 14:26:36', NULL),
(1, 'grandezas', 10, 8, 1300, '2024-11-17 14:22:06', NULL),
(1, 'grandezas', 10, 8, 1300, '2024-11-17 14:22:06', NULL),
(1, 'grandezas', 10, 8, 1300, '2024-11-17 14:22:06', NULL),
(1, 'grandezas', 10, 8, 1300, '2024-11-17 14:22:06', NULL),
(1, 'grandezas', 10, 8, 1300, '2024-11-17 14:22:06', NULL),
(1, 'grandezas', 10, 8, 1300, '2024-11-17 14:22:06', NULL),
(1, 'grandezas', 10, 8, 1300, '2024-11-17 14:22:06', NULL),
(1, 'grandezas', 10, 8, 1300, '2024-11-17 14:22:06', NULL),
(1, 'grandezas', 10, 8, 1300, '2024-11-17 14:22:06', NULL),
(1, 'grandezas', 10, 8, 1300, '2024-11-17 14:22:06', NULL),
(1, 'estatistica', 9, 6, 950, '2024-11-17 14:26:36', NULL),
(1, 'estatistica', 9, 6, 950, '2024-11-17 14:26:36', NULL),
(1, 'estatistica', 9, 6, 950, '2024-11-17 14:26:36', NULL),
(1, 'estatistica', 9, 6, 950, '2024-11-17 14:26:36', NULL),
(1, 'estatistica', 9, 6, 950, '2024-11-17 14:26:36', NULL),
(1, 'estatistica', 9, 6, 950, '2024-11-17 14:26:36', NULL),
(1, 'estatistica', 9, 6, 950, '2024-11-17 14:26:36', NULL),
(1, 'estatistica', 9, 6, 950, '2024-11-17 14:26:36', NULL),
(1, 'estatistica', 9, 6, 950, '2024-11-17 14:26:36', NULL),
(1, 'Grandezas', 10, 8, 1300, '2024-11-17 14:22:06', NULL),
(1, 'Grandezas', 10, 8, 1300, '2024-11-17 14:22:06', NULL),
(1, 'Grandezas', 10, 8, 1300, '2024-11-17 14:22:06', NULL),
(1, 'Grandezas', 10, 8, 1300, '2024-11-17 14:22:06', NULL),
(1, 'Grandezas', 10, 8, 1300, '2024-11-17 14:22:06', NULL),
(1, 'Grandezas', 10, 8, 1300, '2024-11-17 14:22:06', NULL),
(1, 'Grandezas', 10, 8, 1300, '2024-11-17 14:22:06', NULL),
(1, 'Grandezas', 10, 8, 1300, '2024-11-17 14:22:06', NULL),
(1, 'Grandezas', 10, 8, 1300, '2024-11-17 14:22:06', NULL),
(1, 'Grandezas', 10, 8, 1300, '2024-11-17 14:22:06', NULL),
(1, 'estatistica', 9, 6, 950, '2024-11-17 14:26:36', NULL),
(1, 'estatistica', 9, 6, 950, '2024-11-17 14:26:36', NULL),
(1, 'estatistica', 9, 6, 950, '2024-11-17 14:26:36', NULL),
(1, 'estatistica', 9, 6, 950, '2024-11-17 14:26:36', NULL),
(1, 'estatistica', 9, 6, 950, '2024-11-17 14:26:36', NULL),
(1, 'estatistica', 9, 6, 950, '2024-11-17 14:26:36', NULL),
(1, 'estatistica', 9, 6, 950, '2024-11-17 14:26:36', NULL),
(1, 'estatistica', 9, 6, 950, '2024-11-17 14:26:36', NULL),
(1, 'estatistica', 9, 6, 950, '2024-11-17 14:26:36', NULL),
(1, 'Grandezas', 10, 8, 1300, '2024-11-17 14:22:06', NULL),
(1, 'Grandezas', 10, 8, 1300, '2024-11-17 14:22:06', NULL),
(1, 'Grandezas', 10, 8, 1300, '2024-11-17 14:22:06', NULL),
(1, 'Grandezas', 10, 8, 1300, '2024-11-17 14:22:06', NULL),
(1, 'Grandezas', 10, 8, 1300, '2024-11-17 14:22:06', NULL),
(1, 'Grandezas', 10, 8, 1300, '2024-11-17 14:22:06', NULL),
(1, 'Grandezas', 10, 8, 1300, '2024-11-17 14:22:06', NULL),
(1, 'Grandezas', 10, 8, 1300, '2024-11-17 14:22:06', NULL),
(1, 'Grandezas', 10, 8, 1300, '2024-11-17 14:22:06', NULL),
(1, 'Grandezas', 10, 8, 1300, '2024-11-17 14:22:06', NULL),
(1, 'estatistica', 9, 6, 950, '2024-11-17 14:26:36', NULL),
(1, 'estatistica', 9, 6, 950, '2024-11-17 14:26:36', NULL),
(1, 'estatistica', 9, 6, 950, '2024-11-17 14:26:36', NULL),
(1, 'estatistica', 9, 6, 950, '2024-11-17 14:26:36', NULL),
(1, 'estatistica', 9, 6, 950, '2024-11-17 14:26:36', NULL),
(1, 'estatistica', 9, 6, 950, '2024-11-17 14:26:36', NULL),
(1, 'estatistica', 9, 6, 950, '2024-11-17 14:26:36', NULL),
(1, 'estatistica', 9, 6, 950, '2024-11-17 14:26:36', NULL),
(1, 'estatistica', 9, 6, 950, '2024-11-17 14:26:36', NULL),
(1, 'Grandezas', 10, 8, 1300, '2024-11-17 14:22:06', NULL),
(1, 'Grandezas', 10, 8, 1300, '2024-11-17 14:22:06', NULL),
(1, 'Grandezas', 10, 8, 1300, '2024-11-17 14:22:06', NULL),
(1, 'Grandezas', 10, 8, 1300, '2024-11-17 14:22:06', NULL),
(1, 'Grandezas', 10, 8, 1300, '2024-11-17 14:22:06', NULL),
(1, 'Grandezas', 10, 8, 1300, '2024-11-17 14:22:06', NULL),
(1, 'Grandezas', 10, 8, 1300, '2024-11-17 14:22:06', NULL),
(1, 'Grandezas', 10, 8, 1300, '2024-11-17 14:22:06', NULL),
(1, 'Grandezas', 10, 8, 1300, '2024-11-17 14:22:06', NULL),
(1, 'Grandezas', 10, 8, 1300, '2024-11-17 14:22:06', NULL),
(1, 'estatistica', 9, 6, 950, '2024-11-17 14:26:36', NULL),
(1, 'estatistica', 9, 6, 950, '2024-11-17 14:26:36', NULL),
(1, 'estatistica', 9, 6, 950, '2024-11-17 14:26:36', NULL),
(1, 'estatistica', 9, 6, 950, '2024-11-17 14:26:36', NULL),
(1, 'estatistica', 9, 6, 950, '2024-11-17 14:26:36', NULL),
(1, 'estatistica', 9, 6, 950, '2024-11-17 14:26:36', NULL),
(1, 'estatistica', 9, 6, 950, '2024-11-17 14:26:36', NULL),
(1, 'estatistica', 9, 6, 950, '2024-11-17 14:26:36', NULL),
(1, 'estatistica', 9, 6, 950, '2024-11-17 14:26:36', NULL),
(1, 'Grandezas', 10, 8, 1300, '2024-11-17 14:22:06', NULL),
(1, 'Grandezas', 10, 8, 1300, '2024-11-17 14:22:06', NULL),
(1, 'Grandezas', 10, 8, 1300, '2024-11-17 14:22:06', NULL),
(1, 'Grandezas', 10, 8, 1300, '2024-11-17 14:22:06', NULL),
(1, 'Grandezas', 10, 8, 1300, '2024-11-17 14:22:06', NULL),
(1, 'Grandezas', 10, 8, 1300, '2024-11-17 14:22:06', NULL),
(1, 'Grandezas', 10, 8, 1300, '2024-11-17 14:22:06', NULL),
(1, 'Grandezas', 10, 8, 1300, '2024-11-17 14:22:06', NULL),
(1, 'Grandezas', 10, 8, 1300, '2024-11-17 14:22:06', NULL),
(1, 'Grandezas', 10, 8, 1300, '2024-11-17 14:22:06', NULL),
(1, 'estatistica', 9, 6, 950, '2024-11-17 14:26:36', NULL),
(1, 'estatistica', 9, 6, 950, '2024-11-17 14:26:36', NULL),
(1, 'estatistica', 9, 6, 950, '2024-11-17 14:26:36', NULL),
(1, 'estatistica', 9, 6, 950, '2024-11-17 14:26:36', NULL),
(1, 'estatistica', 9, 6, 950, '2024-11-17 14:26:36', NULL),
(1, 'estatistica', 9, 6, 950, '2024-11-17 14:26:36', NULL),
(1, 'estatistica', 9, 6, 950, '2024-11-17 14:26:36', NULL),
(1, 'estatistica', 9, 6, 950, '2024-11-17 14:26:36', NULL),
(1, 'estatistica', 9, 6, 950, '2024-11-17 14:26:36', NULL),
(1, 'Grandezas', 10, 8, 1300, '2024-11-17 14:22:06', NULL),
(1, 'Grandezas', 10, 8, 1300, '2024-11-17 14:22:06', NULL),
(1, 'Grandezas', 10, 8, 1300, '2024-11-17 14:22:06', NULL),
(1, 'Grandezas', 10, 8, 1300, '2024-11-17 14:22:06', NULL),
(1, 'Grandezas', 10, 8, 1300, '2024-11-17 14:22:06', NULL),
(1, 'Grandezas', 10, 8, 1300, '2024-11-17 14:22:06', NULL),
(1, 'Grandezas', 10, 8, 1300, '2024-11-17 14:22:06', NULL),
(1, 'Grandezas', 10, 8, 1300, '2024-11-17 14:22:06', NULL),
(1, 'Grandezas', 10, 8, 1300, '2024-11-17 14:22:06', NULL),
(1, 'Grandezas', 10, 8, 1300, '2024-11-17 14:22:06', NULL),
(1, 'Grandezas', 10, 8, 1300, '2024-11-17 14:22:06', NULL),
(1, 'Grandezas', 10, 8, 1300, '2024-11-17 14:22:06', NULL),
(1, 'Grandezas', 10, 8, 1300, '2024-11-17 14:22:06', NULL),
(1, 'Grandezas', 10, 8, 1300, '2024-11-17 14:22:06', NULL),
(1, 'Grandezas', 10, 8, 1300, '2024-11-17 14:22:06', NULL),
(1, 'Grandezas', 10, 8, 1300, '2024-11-17 14:22:06', NULL),
(1, 'Grandezas', 10, 8, 1300, '2024-11-17 14:22:06', NULL),
(1, 'Grandezas', 10, 8, 1300, '2024-11-17 14:22:06', NULL),
(1, 'Grandezas', 10, 8, 1300, '2024-11-17 14:22:06', NULL),
(1, 'Grandezas', 10, 8, 1300, '2024-11-17 14:22:06', NULL),
(1, 'Grandezas', 10, 8, 1300, '2024-11-17 14:22:06', NULL),
(1, 'Grandezas', 10, 8, 1300, '2024-11-17 14:22:06', NULL),
(1, 'Grandezas', 10, 8, 1300, '2024-11-17 14:22:06', NULL),
(1, 'Grandezas', 10, 8, 1300, '2024-11-17 14:22:06', NULL),
(1, 'Grandezas', 10, 8, 1300, '2024-11-17 14:22:06', NULL),
(1, 'Grandezas', 10, 8, 1300, '2024-11-17 14:22:06', NULL),
(1, 'Grandezas', 10, 8, 1300, '2024-11-17 14:22:06', NULL),
(1, 'Grandezas', 10, 8, 1300, '2024-11-17 14:22:06', NULL),
(1, 'Grandezas', 10, 8, 1300, '2024-11-17 14:22:06', NULL),
(1, 'Grandezas', 10, 8, 1300, '2024-11-17 14:22:06', NULL),
(1, 'Grandezas', 10, 8, 1300, '2024-11-17 14:22:06', NULL),
(1, 'Grandezas', 10, 8, 1300, '2024-11-17 14:22:06', NULL),
(1, 'Grandezas', 10, 8, 1300, '2024-11-17 14:22:06', NULL),
(1, 'Grandezas', 10, 8, 1300, '2024-11-17 14:22:06', NULL),
(1, 'Grandezas', 10, 8, 1300, '2024-11-17 14:22:06', NULL),
(1, 'Grandezas', 10, 8, 1300, '2024-11-17 14:22:06', NULL),
(1, 'Grandezas', 10, 8, 1300, '2024-11-17 14:22:06', NULL),
(1, 'Grandezas', 10, 8, 1300, '2024-11-17 14:22:06', NULL),
(1, 'Grandezas', 10, 8, 1300, '2024-11-17 14:22:06', NULL),
(1, 'Grandezas', 10, 8, 1300, '2024-11-17 14:22:06', NULL),
(1, 'Grandezas', 10, 8, 1300, '2024-11-17 14:22:06', NULL),
(1, 'Grandezas', 10, 8, 1300, '2024-11-17 14:22:06', NULL),
(1, 'Grandezas', 10, 8, 1300, '2024-11-17 14:22:06', NULL),
(1, 'Grandezas', 10, 8, 1300, '2024-11-17 14:22:06', NULL),
(1, 'Grandezas', 10, 8, 1300, '2024-11-17 14:22:06', NULL),
(1, 'Grandezas', 10, 8, 1300, '2024-11-17 14:22:06', NULL),
(1, 'Grandezas', 10, 8, 1300, '2024-11-17 14:22:06', NULL),
(1, 'Grandezas', 10, 8, 1300, '2024-11-17 14:22:06', NULL),
(1, 'Grandezas', 10, 8, 1300, '2024-11-17 14:22:06', NULL),
(1, 'Grandezas', 10, 8, 1300, '2024-11-17 14:22:06', NULL),
(1, 'grandezas', 10, 8, 1300, '2024-11-17 14:22:06', NULL),
(1, 'grandezas', 10, 8, 1300, '2024-11-17 14:22:06', NULL),
(1, 'grandezas', 10, 8, 1300, '2024-11-17 14:22:06', NULL),
(1, 'grandezas', 10, 8, 1300, '2024-11-17 14:22:06', NULL),
(1, 'grandezas', 10, 8, 1300, '2024-11-17 14:22:06', NULL),
(1, 'grandezas', 10, 8, 1300, '2024-11-17 14:22:06', NULL),
(1, 'grandezas', 10, 8, 1300, '2024-11-17 14:22:06', NULL),
(1, 'grandezas', 10, 8, 1300, '2024-11-17 14:22:06', NULL),
(1, 'grandezas', 10, 8, 1300, '2024-11-17 14:22:06', NULL),
(1, 'grandezas', 10, 8, 1300, '2024-11-17 14:22:06', NULL),
(1, 'estatistica', 9, 6, 950, '2024-11-17 14:26:36', NULL),
(1, 'estatistica', 9, 6, 950, '2024-11-17 14:26:36', NULL),
(1, 'estatistica', 9, 6, 950, '2024-11-17 14:26:36', NULL),
(1, 'estatistica', 9, 6, 950, '2024-11-17 14:26:36', NULL),
(1, 'estatistica', 9, 6, 950, '2024-11-17 14:26:36', NULL),
(1, 'estatistica', 9, 6, 950, '2024-11-17 14:26:36', NULL),
(1, 'estatistica', 9, 6, 950, '2024-11-17 14:26:36', NULL),
(1, 'estatistica', 9, 6, 950, '2024-11-17 14:26:36', NULL),
(1, 'estatistica', 9, 6, 950, '2024-11-17 14:26:36', NULL),
(1, 'estatistica', 9, 6, 950, '2024-11-17 14:26:36', NULL),
(1, 'estatistica', 9, 6, 950, '2024-11-17 14:26:36', NULL),
(1, 'estatistica', 9, 6, 950, '2024-11-17 14:26:36', NULL),
(1, 'estatistica', 9, 6, 950, '2024-11-17 14:26:36', NULL),
(1, 'estatistica', 9, 6, 950, '2024-11-17 14:26:36', NULL),
(1, 'estatistica', 9, 6, 950, '2024-11-17 14:26:36', NULL),
(1, 'estatistica', 9, 6, 950, '2024-11-17 14:26:36', NULL),
(1, 'estatistica', 9, 6, 950, '2024-11-17 14:26:36', NULL),
(1, 'estatistica', 9, 6, 950, '2024-11-17 14:26:36', NULL),
(1, 'estatistica', 9, 6, 950, '2024-11-17 14:26:36', NULL),
(1, 'estatistica', 9, 6, 950, '2024-11-17 14:26:36', NULL),
(1, 'estatistica', 9, 6, 950, '2024-11-17 14:26:36', NULL),
(1, 'estatistica', 9, 6, 950, '2024-11-17 14:26:36', NULL),
(1, 'estatistica', 9, 6, 950, '2024-11-17 14:26:36', NULL),
(1, 'estatistica', 9, 6, 950, '2024-11-17 14:26:36', NULL),
(1, 'estatistica', 9, 6, 950, '2024-11-17 14:26:36', NULL),
(1, 'estatistica', 9, 6, 950, '2024-11-17 14:26:36', NULL),
(1, 'estatistica', 9, 6, 950, '2024-11-17 14:26:36', NULL),
(1, 'grandezas', 10, 8, 1300, '2024-11-17 14:22:06', NULL),
(1, 'grandezas', 10, 8, 1300, '2024-11-17 14:22:06', NULL),
(1, 'grandezas', 10, 8, 1300, '2024-11-17 14:22:06', NULL),
(1, 'grandezas', 10, 8, 1300, '2024-11-17 14:22:06', NULL),
(1, 'grandezas', 10, 8, 1300, '2024-11-17 14:22:06', NULL),
(1, 'grandezas', 10, 8, 1300, '2024-11-17 14:22:06', NULL),
(1, 'grandezas', 10, 8, 1300, '2024-11-17 14:22:06', NULL),
(1, 'grandezas', 10, 8, 1300, '2024-11-17 14:22:06', NULL),
(1, 'grandezas', 10, 8, 1300, '2024-11-17 14:22:06', NULL),
(1, 'grandezas', 10, 8, 1300, '2024-11-17 14:22:06', NULL),
(1, 'Estatistica', 9, 6, 950, '2024-11-17 14:26:36', NULL),
(1, 'Estatistica', 9, 6, 950, '2024-11-17 14:26:36', NULL),
(1, 'Estatistica', 9, 6, 950, '2024-11-17 14:26:36', NULL),
(1, 'Estatistica', 9, 6, 950, '2024-11-17 14:26:36', NULL),
(1, 'Estatistica', 9, 6, 950, '2024-11-17 14:26:36', NULL),
(1, 'Estatistica', 9, 6, 950, '2024-11-17 14:26:36', NULL),
(1, 'Estatistica', 9, 6, 950, '2024-11-17 14:26:36', NULL),
(1, 'Estatistica', 9, 6, 950, '2024-11-17 14:26:36', NULL),
(1, 'Estatistica', 9, 6, 950, '2024-11-17 14:26:36', NULL),
(1, 'Grandezas', 10, 8, 1300, '2024-11-17 14:22:06', NULL),
(1, 'Grandezas', 10, 8, 1300, '2024-11-17 14:22:06', NULL),
(1, 'Grandezas', 10, 8, 1300, '2024-11-17 14:22:06', NULL),
(1, 'Grandezas', 10, 8, 1300, '2024-11-17 14:22:06', NULL),
(1, 'Grandezas', 10, 8, 1300, '2024-11-17 14:22:06', NULL),
(1, 'Grandezas', 10, 8, 1300, '2024-11-17 14:22:06', NULL),
(1, 'Grandezas', 10, 8, 1300, '2024-11-17 14:22:06', NULL),
(1, 'Grandezas', 10, 8, 1300, '2024-11-17 14:22:06', NULL),
(1, 'Grandezas', 10, 8, 1300, '2024-11-17 14:22:06', NULL),
(1, 'Grandezas', 10, 8, 1300, '2024-11-17 14:22:06', NULL),
(1, 'estatistica', 9, 6, 950, '2024-11-17 14:26:36', NULL),
(1, 'estatistica', 9, 6, 950, '2024-11-17 14:26:36', NULL),
(1, 'estatistica', 9, 6, 950, '2024-11-17 14:26:36', NULL),
(1, 'estatistica', 9, 6, 950, '2024-11-17 14:26:36', NULL),
(1, 'estatistica', 9, 6, 950, '2024-11-17 14:26:36', NULL),
(1, 'estatistica', 9, 6, 950, '2024-11-17 14:26:36', NULL),
(1, 'estatistica', 9, 6, 950, '2024-11-17 14:26:36', NULL),
(1, 'estatistica', 9, 6, 950, '2024-11-17 14:26:36', NULL),
(1, 'estatistica', 9, 6, 950, '2024-11-17 14:26:36', NULL),
(1, 'Grandezas', 10, 8, 1300, '2024-11-17 14:22:06', NULL),
(1, 'Grandezas', 10, 8, 1300, '2024-11-17 14:22:06', NULL),
(1, 'Grandezas', 10, 8, 1300, '2024-11-17 14:22:06', NULL),
(1, 'Grandezas', 10, 8, 1300, '2024-11-17 14:22:06', NULL),
(1, 'Grandezas', 10, 8, 1300, '2024-11-17 14:22:06', NULL),
(1, 'Grandezas', 10, 8, 1300, '2024-11-17 14:22:06', NULL),
(1, 'Grandezas', 10, 8, 1300, '2024-11-17 14:22:06', NULL),
(1, 'Grandezas', 10, 8, 1300, '2024-11-17 14:22:06', NULL),
(1, 'Grandezas', 10, 8, 1300, '2024-11-17 14:22:06', NULL),
(1, 'Grandezas', 10, 8, 1300, '2024-11-17 14:22:06', NULL),
(1, 'estatistica', 9, 6, 950, '2024-11-17 14:26:36', NULL),
(1, 'estatistica', 9, 6, 950, '2024-11-17 14:26:36', NULL),
(1, 'estatistica', 9, 6, 950, '2024-11-17 14:26:36', NULL),
(1, 'estatistica', 9, 6, 950, '2024-11-17 14:26:36', NULL),
(1, 'estatistica', 9, 6, 950, '2024-11-17 14:26:36', NULL),
(1, 'estatistica', 9, 6, 950, '2024-11-17 14:26:36', NULL),
(1, 'estatistica', 9, 6, 950, '2024-11-17 14:26:36', NULL),
(1, 'estatistica', 9, 6, 950, '2024-11-17 14:26:36', NULL),
(1, 'estatistica', 9, 6, 950, '2024-11-17 14:26:36', NULL),
(2, 'Grandezas', 1, 1, 100, '2024-11-12 21:27:24', NULL),
(2, 'Grandezas', 1, 1, 100, '2024-11-12 21:27:24', NULL),
(2, 'Grandezas', 1, 1, 150, '2024-11-12 21:27:24', NULL),
(2, 'Grandezas', 1, 1, 150, '2024-11-12 21:27:24', NULL),
(2, 'Grandezas', 1, 1, 150, '2024-11-12 21:27:24', NULL),
(2, 'Grandezas', 1, 1, 150, '2024-11-12 21:27:24', NULL),
(2, 'Grandezas', 1, 1, 200, '2024-11-12 21:27:24', NULL),
(2, 'Grandezas', 1, 1, 200, '2024-11-12 21:27:24', NULL),
(2, 'Grandezas', 1, 1, 200, '2024-11-12 21:27:24', NULL),
(2, 'Grandezas', 1, 1, 200, '2024-11-12 21:27:24', NULL),
(2, 'estatistica', 1, 0, 0, '2024-11-12 21:27:57', NULL),
(2, 'estatistica', 1, 0, 0, '2024-11-12 21:27:57', NULL),
(2, 'estatistica', 1, 1, 100, '2024-11-12 21:27:57', NULL),
(2, 'estatistica', 1, 0, 0, '2024-11-12 21:27:57', NULL),
(2, 'estatistica', 1, 1, 200, '2024-11-12 21:27:57', NULL),
(2, 'estatistica', 1, 1, 200, '2024-11-12 21:27:57', NULL),
(2, 'estatistica', 1, 1, 150, '2024-11-12 21:27:57', NULL),
(2, 'estatistica', 1, 1, 100, '2024-11-12 21:27:57', NULL),
(2, 'estatistica', 1, 1, 200, '2024-11-12 21:27:57', NULL),
(2, 'Grandezas', 1, 0, 0, '2024-11-12 22:12:38', NULL),
(2, 'Grandezas', 1, 1, 100, '2024-11-12 22:12:38', NULL),
(2, 'Grandezas', 1, 1, 100, '2024-11-12 22:12:38', NULL),
(2, 'Grandezas', 1, 1, 100, '2024-11-12 22:12:38', NULL),
(2, 'Grandezas', 1, 0, 0, '2024-11-12 22:12:38', NULL),
(2, 'Grandezas', 1, 0, 0, '2024-11-12 22:12:38', NULL),
(2, 'Grandezas', 1, 0, 0, '2024-11-12 22:12:38', NULL),
(2, 'Grandezas', 1, 0, 0, '2024-11-12 22:13:22', NULL),
(2, 'Grandezas', 1, 0, 0, '2024-11-12 22:13:22', NULL),
(2, 'Grandezas', 1, 1, 100, '2024-11-12 22:13:22', NULL),
(2, 'Grandezas', 1, 0, 0, '2024-11-12 22:13:22', NULL),
(2, 'Grandezas', 1, 1, 100, '2024-11-12 22:13:22', NULL),
(2, 'Grandezas', 1, 0, 0, '2024-11-12 22:13:22', NULL),
(2, 'estatistica', 1, 0, 0, '2024-11-12 22:14:05', NULL),
(2, 'estatistica', 1, 1, 100, '2024-11-12 22:14:05', NULL),
(2, 'estatistica', 1, 0, 0, '2024-11-12 22:14:05', NULL),
(2, 'estatistica', 1, 1, 150, '2024-11-12 22:14:05', NULL),
(2, 'estatistica', 1, 0, 0, '2024-11-12 22:14:05', NULL),
(2, 'estatistica', 1, 1, 200, '2024-11-12 22:14:05', NULL),
(2, 'Grandezas', 1, 1, 100, '2024-11-12 22:19:44', NULL),
(2, 'Grandezas', 1, 1, 100, '2024-11-12 22:19:44', NULL),
(2, 'Grandezas', 1, 1, 100, '2024-11-12 22:19:44', NULL),
(2, 'Grandezas', 1, 0, 0, '2024-11-12 22:19:44', NULL),
(2, 'Grandezas', 1, 1, 100, '2024-11-12 22:19:44', NULL),
(2, 'Grandezas', 1, 1, 150, '2024-11-12 22:19:44', NULL),
(2, 'Grandezas', 1, 0, 0, '2024-11-12 22:19:44', NULL),
(2, 'Grandezas', 1, 0, 0, '2024-11-12 22:40:26', NULL),
(2, 'Grandezas', 1, 1, 100, '2024-11-12 22:40:26', NULL),
(2, 'Grandezas', 1, 0, 0, '2024-11-12 22:40:26', NULL),
(2, 'Grandezas', 1, 0, 0, '2024-11-12 22:40:26', NULL),
(2, 'Grandezas', 1, 0, 0, '2024-11-12 22:40:26', NULL),
(2, 'Grandezas', 1, 1, 100, '2024-11-12 22:40:26', NULL),
(1, 'Grandezas', 10, 8, 1300, '2024-11-17 14:22:06', NULL),
(1, 'Grandezas', 10, 8, 1300, '2024-11-17 14:22:06', NULL),
(1, 'Grandezas', 10, 8, 1300, '2024-11-17 14:22:06', NULL),
(1, 'Grandezas', 10, 8, 1300, '2024-11-17 14:22:06', NULL),
(1, 'Grandezas', 10, 8, 1300, '2024-11-17 14:22:06', NULL),
(1, 'Grandezas', 10, 8, 1300, '2024-11-17 14:22:06', NULL),
(1, 'Grandezas', 10, 8, 1300, '2024-11-17 14:22:06', NULL),
(1, 'Grandezas', 10, 8, 1300, '2024-11-17 14:22:06', NULL),
(1, 'estatistica', 9, 6, 950, '2024-11-17 14:26:36', NULL),
(1, 'estatistica', 9, 6, 950, '2024-11-17 14:26:36', NULL),
(1, 'estatistica', 9, 6, 950, '2024-11-17 14:26:36', NULL),
(1, 'estatistica', 9, 6, 950, '2024-11-17 14:26:36', NULL),
(1, 'estatistica', 9, 6, 950, '2024-11-17 14:26:36', NULL),
(1, 'estatistica', 9, 6, 950, '2024-11-17 14:26:36', NULL),
(1, 'estatistica', 9, 6, 950, '2024-11-17 14:26:36', NULL),
(1, 'estatistica', 9, 6, 950, '2024-11-17 14:26:36', NULL),
(1, 'estatistica', 9, 6, 950, '2024-11-17 14:26:36', NULL),
(1, 'Grandezas', 10, 8, 1300, '2024-11-17 14:22:06', NULL),
(1, 'Grandezas', 10, 8, 1300, '2024-11-17 14:22:06', NULL),
(1, 'Grandezas', 10, 8, 1300, '2024-11-17 14:22:06', NULL),
(1, 'Grandezas', 10, 8, 1300, '2024-11-17 14:22:06', NULL),
(1, 'Grandezas', 10, 8, 1300, '2024-11-17 14:22:06', NULL),
(1, 'Grandezas', 10, 8, 1300, '2024-11-17 14:22:06', NULL),
(1, 'Grandezas', 10, 8, 1300, '2024-11-17 14:22:06', NULL),
(1, 'Grandezas', 10, 8, 1300, '2024-11-17 14:22:06', NULL),
(1, 'Grandezas', 10, 8, 1300, '2024-11-17 14:22:06', NULL),
(1, 'Grandezas', 10, 8, 1300, '2024-11-17 14:22:06', NULL),
(1, 'Grandezas', 10, 8, 1300, '2024-11-17 14:22:06', NULL),
(1, 'Grandezas', 10, 8, 1300, '2024-11-17 14:22:06', NULL),
(1, 'Grandezas', 10, 8, 1300, '2024-11-17 14:22:06', NULL),
(1, 'Grandezas', 10, 8, 1300, '2024-11-17 14:22:06', NULL),
(1, 'Grandezas', 10, 8, 1300, '2024-11-17 14:22:06', NULL),
(1, 'Grandezas', 10, 8, 1300, '2024-11-17 14:22:06', NULL),
(1, 'Grandezas', 10, 8, 1300, '2024-11-17 14:22:06', NULL),
(1, 'Grandezas', 10, 8, 1300, '2024-11-17 14:22:06', NULL),
(1, 'Grandezas', 10, 8, 1300, '2024-11-17 14:22:06', NULL),
(1, 'Grandezas', 10, 8, 1300, '2024-11-17 14:22:06', NULL),
(1, 'estatistica', 9, 6, 950, '2024-11-17 14:26:36', NULL),
(1, 'estatistica', 9, 6, 950, '2024-11-17 14:26:36', NULL),
(1, 'estatistica', 9, 6, 950, '2024-11-17 14:26:36', NULL),
(1, 'estatistica', 9, 6, 950, '2024-11-17 14:26:36', NULL),
(1, 'estatistica', 9, 6, 950, '2024-11-17 14:26:36', NULL),
(1, 'estatistica', 9, 6, 950, '2024-11-17 14:26:36', NULL),
(1, 'estatistica', 9, 6, 950, '2024-11-17 14:26:36', NULL),
(1, 'estatistica', 9, 6, 950, '2024-11-17 14:26:36', NULL),
(1, 'estatistica', 9, 6, 950, '2024-11-17 14:26:36', NULL),
(1, 'Grandezas', 10, 8, 1300, '2024-11-17 14:22:06', NULL),
(1, 'Grandezas', 10, 8, 1300, '2024-11-17 14:22:06', NULL),
(1, 'Grandezas', 10, 8, 1300, '2024-11-17 14:22:06', NULL),
(1, 'Grandezas', 10, 8, 1300, '2024-11-17 14:22:06', NULL),
(1, 'Grandezas', 10, 8, 1300, '2024-11-17 14:22:06', NULL),
(1, 'Grandezas', 10, 8, 1300, '2024-11-17 14:22:06', NULL),
(1, 'Grandezas', 10, 8, 1300, '2024-11-17 14:22:06', NULL),
(1, 'Grandezas', 10, 8, 1300, '2024-11-17 14:22:06', NULL),
(1, 'Grandezas', 10, 8, 1300, '2024-11-17 14:22:06', NULL),
(1, 'Grandezas', 10, 8, 1300, '2024-11-17 14:22:06', NULL),
(1, 'estatistica', 9, 6, 950, '2024-11-17 14:26:36', NULL),
(1, 'estatistica', 9, 6, 950, '2024-11-17 14:26:36', NULL),
(1, 'estatistica', 9, 6, 950, '2024-11-17 14:26:36', NULL),
(1, 'estatistica', 9, 6, 950, '2024-11-17 14:26:36', NULL),
(1, 'estatistica', 9, 6, 950, '2024-11-17 14:26:36', NULL),
(1, 'estatistica', 9, 6, 950, '2024-11-17 14:26:36', NULL),
(1, 'estatistica', 9, 6, 950, '2024-11-17 14:26:36', NULL),
(1, 'estatistica', 9, 6, 950, '2024-11-17 14:26:36', NULL),
(1, 'estatistica', 9, 6, 950, '2024-11-17 14:26:36', NULL),
(1, 'estatistica', 9, 6, 950, '2024-11-17 14:26:36', NULL),
(1, 'Grandezas', 10, 8, 1300, '2024-11-17 14:22:06', NULL),
(1, 'Grandezas', 10, 8, 1300, '2024-11-17 14:22:06', NULL),
(1, 'Grandezas', 10, 8, 1300, '2024-11-17 14:22:06', NULL),
(1, 'Grandezas', 10, 8, 1300, '2024-11-17 14:22:06', NULL),
(1, 'Grandezas', 10, 8, 1300, '2024-11-17 14:22:06', NULL),
(1, 'Grandezas', 10, 8, 1300, '2024-11-17 14:22:06', NULL),
(1, 'Grandezas', 10, 8, 1300, '2024-11-17 14:22:06', NULL),
(1, 'Grandezas', 10, 8, 1300, '2024-11-17 14:22:06', NULL),
(1, 'Grandezas', 10, 8, 1300, '2024-11-17 14:22:06', NULL),
(1, 'Grandezas', 10, 8, 1300, '2024-11-17 14:22:06', NULL),
(1, 'Grandezas', 10, 8, 1300, '2024-11-17 14:22:06', NULL),
(1, 'Grandezas', 10, 8, 1300, '2024-11-17 14:22:06', NULL),
(1, 'Grandezas', 10, 8, 1300, '2024-11-17 14:22:06', NULL),
(1, 'Grandezas', 10, 8, 1300, '2024-11-17 14:22:06', NULL),
(1, 'Grandezas', 10, 8, 1300, '2024-11-17 14:22:06', NULL),
(1, 'Grandezas', 10, 8, 1300, '2024-11-17 14:22:06', NULL),
(1, 'Grandezas', 10, 8, 1300, '2024-11-17 14:22:06', NULL),
(1, 'Grandezas', 10, 8, 1300, '2024-11-17 14:22:06', NULL),
(1, 'Grandezas', 10, 8, 1300, '2024-11-17 14:22:06', NULL),
(1, 'Grandezas', 10, 8, 1300, '2024-11-17 14:22:06', NULL),
(1, 'estatistica', 9, 6, 950, '2024-11-17 14:26:36', NULL),
(1, 'estatistica', 9, 6, 950, '2024-11-17 14:26:36', NULL),
(1, 'estatistica', 9, 6, 950, '2024-11-17 14:26:36', NULL),
(1, 'estatistica', 9, 6, 950, '2024-11-17 14:26:36', NULL),
(1, 'estatistica', 9, 6, 950, '2024-11-17 14:26:36', NULL),
(1, 'estatistica', 9, 6, 950, '2024-11-17 14:26:36', NULL),
(1, 'estatistica', 9, 6, 950, '2024-11-17 14:26:36', NULL),
(1, 'estatistica', 9, 6, 950, '2024-11-17 14:26:36', NULL),
(1, 'estatistica', 9, 6, 950, '2024-11-17 14:26:36', NULL),
(1, 'Grandezas', 10, 8, 1300, '2024-11-17 14:22:06', NULL),
(1, 'Grandezas', 10, 8, 1300, '2024-11-17 14:22:06', NULL),
(1, 'Grandezas', 10, 8, 1300, '2024-11-17 14:22:06', NULL),
(1, 'Grandezas', 10, 8, 1300, '2024-11-17 14:22:06', NULL),
(1, 'Grandezas', 10, 8, 1300, '2024-11-17 14:22:06', NULL),
(1, 'Grandezas', 10, 8, 1300, '2024-11-17 14:22:06', NULL),
(1, 'Grandezas', 10, 8, 1300, '2024-11-17 14:22:06', NULL),
(1, 'Grandezas', 10, 8, 1300, '2024-11-17 14:22:06', NULL),
(1, 'Grandezas', 10, 8, 1300, '2024-11-17 14:22:06', NULL),
(1, 'Grandezas', 10, 8, 1300, '2024-11-17 14:22:06', NULL),
(1, 'estatistica', 9, 6, 950, '2024-11-17 14:26:36', NULL),
(1, 'estatistica', 9, 6, 950, '2024-11-17 14:26:36', NULL),
(1, 'estatistica', 9, 6, 950, '2024-11-17 14:26:36', NULL),
(1, 'estatistica', 9, 6, 950, '2024-11-17 14:26:36', NULL),
(1, 'estatistica', 9, 6, 950, '2024-11-17 14:26:36', NULL),
(1, 'estatistica', 9, 6, 950, '2024-11-17 14:26:36', NULL),
(1, 'estatistica', 9, 6, 950, '2024-11-17 14:26:36', NULL),
(1, 'estatistica', 9, 6, 950, '2024-11-17 14:26:36', NULL),
(1, 'estatistica', 9, 6, 950, '2024-11-17 14:26:36', NULL),
(1, 'Grandezas', 10, 8, 1300, '2024-11-17 14:22:06', NULL),
(1, 'Grandezas', 10, 8, 1300, '2024-11-17 14:22:06', NULL),
(1, 'Grandezas', 10, 8, 1300, '2024-11-17 14:22:06', NULL),
(1, 'Grandezas', 10, 8, 1300, '2024-11-17 14:22:06', NULL),
(1, 'Grandezas', 10, 8, 1300, '2024-11-17 14:22:06', NULL),
(1, 'Grandezas', 10, 8, 1300, '2024-11-17 14:22:06', NULL),
(1, 'Grandezas', 10, 8, 1300, '2024-11-17 14:22:06', NULL);
INSERT INTO `user_progress` (`user_id`, `subject`, `attempted`, `correct`, `xp_earned`, `last_attempted`, `difficulty`) VALUES
(1, 'Grandezas', 10, 8, 1300, '2024-11-17 14:22:06', NULL),
(1, 'Grandezas', 10, 8, 1300, '2024-11-17 14:22:06', NULL),
(1, 'Grandezas', 10, 8, 1300, '2024-11-17 14:22:06', NULL),
(1, 'Grandezas', 10, 8, 1300, '2024-11-17 14:22:06', NULL),
(1, 'Grandezas', 10, 8, 1300, '2024-11-17 14:22:06', NULL),
(1, 'Grandezas', 10, 8, 1300, '2024-11-17 14:22:06', NULL),
(1, 'Grandezas', 10, 8, 1300, '2024-11-17 14:22:06', NULL),
(1, 'Grandezas', 10, 8, 1300, '2024-11-17 14:22:06', NULL),
(1, 'Grandezas', 10, 8, 1300, '2024-11-17 14:22:06', NULL),
(1, 'Grandezas', 10, 8, 1300, '2024-11-17 14:22:06', NULL),
(1, 'Grandezas', 10, 8, 1300, '2024-11-17 14:22:06', NULL),
(1, 'Grandezas', 10, 8, 1300, '2024-11-17 14:22:06', NULL),
(1, 'Grandezas', 10, 8, 1300, '2024-11-17 14:22:06', NULL),
(1, 'Funcoes', 10, 1, 200, '2024-11-17 14:41:00', NULL),
(1, 'Funcoes', 10, 8, 1250, '2024-11-17 14:45:36', NULL),
(1, 'Geoplana', 10, 0, 0, '2024-11-17 17:02:43', NULL),
(1, 'Geoplana', 10, 0, 0, '2024-11-17 17:04:03', NULL),
(1, 'geoplana', 10, 0, 0, '2024-11-17 17:10:12', NULL),
(2, 'Funcoes', 10, 10, 1600, '2024-11-17 17:12:09', NULL),
(2, 'geoplana', 10, 0, 0, '2024-11-17 17:17:19', NULL),
(2, 'geoplana', 10, 9, 1250, '2024-11-17 17:21:15', NULL),
(2, 'Grandezas', 10, 10, 1600, '2024-11-17 18:13:27', NULL),
(2, 'Graficos', 10, 7, 950, '2024-11-17 18:44:22', NULL),
(2, 'Geoespacial', 10, 3, 500, '2024-11-17 18:46:34', NULL),
(2, 'Probabilidade', 10, 10, 1500, '2024-11-17 18:54:25', NULL),
(2, 'estatistica', 9, 6, 1000, '2024-11-17 18:58:04', NULL),
(2, 'Aritmetica', 10, 4, 550, '2024-11-17 19:37:18', NULL);

--
-- Índices para tabelas despejadas
--

--
-- Índices de tabela `achievements`
--
ALTER TABLE `achievements`
  ADD PRIMARY KEY (`achievement_id`);

--
-- Índices de tabela `questions`
--
ALTER TABLE `questions`
  ADD PRIMARY KEY (`question_id`);

--
-- Índices de tabela `rankings`
--
ALTER TABLE `rankings`
  ADD PRIMARY KEY (`id`),
  ADD KEY `user_id` (`user_id`);

--
-- Índices de tabela `users`
--
ALTER TABLE `users`
  ADD PRIMARY KEY (`ID`),
  ADD UNIQUE KEY `email` (`email`);

--
-- Índices de tabela `user_achievements`
--
ALTER TABLE `user_achievements`
  ADD PRIMARY KEY (`user_id`,`achievement_id`),
  ADD KEY `achievement_id` (`achievement_id`);

--
-- Índices de tabela `user_answers`
--
ALTER TABLE `user_answers`
  ADD PRIMARY KEY (`user_id`,`question_id`),
  ADD KEY `question_id` (`question_id`);

--
-- Índices de tabela `user_progress`
--
ALTER TABLE `user_progress`
  ADD KEY `user_id` (`user_id`);

--
-- AUTO_INCREMENT para tabelas despejadas
--

--
-- AUTO_INCREMENT de tabela `achievements`
--
ALTER TABLE `achievements`
  MODIFY `achievement_id` int(11) NOT NULL AUTO_INCREMENT, AUTO_INCREMENT=19;

--
-- AUTO_INCREMENT de tabela `questions`
--
ALTER TABLE `questions`
  MODIFY `question_id` int(11) NOT NULL AUTO_INCREMENT, AUTO_INCREMENT=331;

--
-- AUTO_INCREMENT de tabela `rankings`
--
ALTER TABLE `rankings`
  MODIFY `id` int(11) NOT NULL AUTO_INCREMENT, AUTO_INCREMENT=3;

--
-- AUTO_INCREMENT de tabela `users`
--
ALTER TABLE `users`
  MODIFY `ID` int(11) NOT NULL AUTO_INCREMENT, AUTO_INCREMENT=3;

--
-- Restrições para tabelas despejadas
--

--
-- Restrições para tabelas `rankings`
--
ALTER TABLE `rankings`
  ADD CONSTRAINT `rankings_ibfk_1` FOREIGN KEY (`user_id`) REFERENCES `users` (`ID`);

--
-- Restrições para tabelas `user_achievements`
--
ALTER TABLE `user_achievements`
  ADD CONSTRAINT `user_achievements_ibfk_1` FOREIGN KEY (`user_id`) REFERENCES `users` (`ID`),
  ADD CONSTRAINT `user_achievements_ibfk_2` FOREIGN KEY (`achievement_id`) REFERENCES `achievements` (`achievement_id`);

--
-- Restrições para tabelas `user_answers`
--
ALTER TABLE `user_answers`
  ADD CONSTRAINT `user_answers_ibfk_1` FOREIGN KEY (`user_id`) REFERENCES `users` (`ID`),
  ADD CONSTRAINT `user_answers_ibfk_2` FOREIGN KEY (`question_id`) REFERENCES `questions` (`question_id`);

--
-- Restrições para tabelas `user_progress`
--
ALTER TABLE `user_progress`
  ADD CONSTRAINT `user_progress_ibfk_1` FOREIGN KEY (`user_id`) REFERENCES `users` (`ID`);
COMMIT;

/*!40101 SET CHARACTER_SET_CLIENT=@OLD_CHARACTER_SET_CLIENT */;
/*!40101 SET CHARACTER_SET_RESULTS=@OLD_CHARACTER_SET_RESULTS */;
/*!40101 SET COLLATION_CONNECTION=@OLD_COLLATION_CONNECTION */;
